"No","Test Name","MRP (INR)","Special Price (INR)","Our Price (INR)"
"1","1,3 - Beta - D-Glucan ( BDG )","10000","5000","5000"
"2","17 - Ketosteroids (24 Hrs. Urine)","6000","3000","3000"
"3","17 - Oh Ketosteroid","6000","3000","3000"
"4","17 - Oh Progesterone, Serum","1250","625","625"
"5","24 Hrs 5-Hiaa (Hydroxy Indole Acetic Acid) (Urine)","3000","1500","1500"
"6","24 Hrs Aldosterone, (Urine)","3000","1500","1500"
"7","24 Hrs Amino Levulinic Acid Ala (Quantitative), (Urine)","7000","3500","3500"
"8","24 Hrs Bun - Urea Nitrogen, Urine 24H","400","200","200"
"9","24 Hrs Catecholamines (Urine)","6000","3000","3000"
"10","24 Hrs Citrate (Urine)","1750","875","875"
"11","24 Hrs Epinephrine (Urine)","5000","2500","2500"
"12","24 Hrs Hydroxy Proline (Urine)","6750","3375","3375"
"13","24 Hrs Metanephrine (Urine)","2750","1375","1375"
"14","24 Hrs Normetanephrine (Urine)","3750","1875","1875"
"15","24 Hrs Urine Chromium","5000","2500","2500"
"16","24 Hrs Urine For Electrolytes With Bicarbonate","550","275","275"
"17","24 Hrs Urine For Protein / Creatinine Ratio","550","275","275"
"18","24 Hrs Urine Osmolality","1000","500","500"
"19","24 Hrs. Urine Porphobilinogen ( Qualitative )","4000","2000","2000"
"20","24Hrs Urine Mercury","5000","2500","2500"
"21","Abpa - Mini","3250","1625","1625"
"22","Absolute Basophil Count","180","90","90"
"23","Absolute Eosinophil Count","180","90","90"
"24","Absolute Lymphocyte Count","180","90","90"
"25","Absolute Monocyte Count","180","90","90"
"26","Absolute Neutrophil Count","180","90","90"
"27","Acacia (EIA)","500","250","250"
"28","Acentylsalicyclic Acid- Drug (EIA)","500","250","250"
"29","Acetone (Ketones), Urine","200","100","100"
"30","Acetyl Choline Receptor Antibodies (Achr Abs), Serum","4250","2125","2125"
"31","Acid Phosphatase - Prostatic, Serum","850","425","425"
"32","Acid Phosphatase - Total, Serum","500","250","250"
"33","Activated Partial Thromboplastin Time [Aptt] Blood Bank","350","175","175"
"34","Activated Protein - C","5250","2625","2625"
"35","Activated Protein C Resistance","5850","2925","2925"
"36","Acyl Carnitine, Quantitative Neonatal Dried Blood Spot","8500","4250","4250"
"37","Ada - Ascitic Fluid","1000","500","500"
"38","Ada - Peritonial Fluid","1000","500","500"
"39","Ada - Synovial Fluid","1000","500","500"
"40","Ada ( Pleural Fluid )","1000","500","500"
"41","Adamts 13 Activity","25500","12750","12750"
"42","Adenosine Deaminase (Ada)","1000","500","500"
"43","Adenosine Deaminase (Ada) - Csf","1000","500","500"
"44","Adenosine Deaminase (Ada) - Ascitic Fluid","1000","500","500"
"45","Adenovirus Igg Antibody","3000","1500","1500"
"46","Adenovirus Igm Antibody","3000","1500","1500"
"47","Adiponectin - Serum","5000","2500","2500"
"48","Adrenaline (Epinephrine) Plasma","5250","2625","2625"
"49","Adreno Corticotropic Hormone (Acth), Edta Plasma","2200","1100","1100"
"50","Afb - Culture & Sensitivity Bactec Mgit (4 Drugs)","7000","3500","3500"
"51","Afb - Smear Examination By Zn Stain","250","125","125"
"52","Afb Culture - Bactec Mgit","2000","1000","1000"
"53","Afb Culture Second Line Drugs","9500","4750","4750"
"54","Albert'S Staining For C.Diptheriae","350","175","175"
"55","Albumin - Body Fluid","250","125","125"
"56","Albumin - Peritonial Fluid","250","125","125"
"57","Albumin - Pleural Fluid","250","125","125"
"58","Albumin - Urine","250","125","125"
"59","Albumin ( Pleural Fluid )","250","125","125"
"60","Albumin (Amniotic Fluid)","250","125","125"
"61","Albumin Gradient","350","175","175"
"62","Albumin, Serum","250","125","125"
"63","Alcohol ( Ethanol ) Quantitative Serum","2000","1000","1000"
"64","Alcohol (Ethanol) Quantitative, Urine","2500","1250","1250"
"65","Aldolase","1500","750","750"
"66","Aldosterone, Serum","2000","1000","1000"
"67","Alk Expression - Ihc","1650","825","825"
"68","Alkaline Phosphatase Bone Specific, Serum","3000","1500","1500"
"69","Alkaline Phosphatase, Serum","350","175","175"
"70","Allergen Cynodon Dactylon (Inhalent)","1000","500","500"
"71","Allergen - House Dust Mite - Blomia Tropicalis","1000","500","500"
"72","Allergen - Mosquito","1000","500","500"
"73","Allergen Drug - Metronidazole","2750","1375","1375"
"74","Allergen -House Dust Mite - Dermatophagoides Farinae","1000","500","500"
"75","Allergen-Pigeon Feathers And Droppings - Specific Ige","1000","500","500"
"76","Allergen-Pigeon Feathers And Droppings - Specific Igg","2250","1125","1125"
"77","Allergic Bronchopulmonary Aspergillosis (Abpa) Screen","2200","1100","1100"
"78","Allergy Shrimp - Non Veg (Immunocap/FEIA)","1000","500","500"
"79","Allergy Tree & Shrub Panel (4 Allergens )","3250","1625","1625"
"80","Allergy Wheat - Veg (Immunocap/FEIA)","1000","500","500"
"81","Allergy Acacia - Inhalant (Immunocap/FEIA)","1000","500","500"
"82","Allergy Almond - Veg (Immunocap/FEIA)","1000","500","500"
"83","Allergy Alternaria - Inhalant (Immunocap/FEIA)","1000","500","500"
"84","Allergy Apple - Veg (Immunocap/FEIA)","1000","500","500"
"85","Allergy Aspergillus Fumigates - Inhalant (Immunocap/FEIA)","1000","500","500"
"86","Allergy Aspergillus Fumigatus - Inhalant (Immunocap/FEIA)","1000","500","500"
"87","Allergy Banana - Veg (Immunocap/FEIA)","1000","500","500"
"88","Allergy Barley - Veg (Immunocap/FEIA)","1000","500","500"
"89","Allergy Beef - Non Veg (Immunocap/FEIA)","1000","500","500"
"90","Allergy Bermuda Grass - Inhalant (Immunocap/FEIA)","1000","500","500"
"91","Allergy Cabbage - Veg (Immunocap/FEIA)","1000","500","500"
"92","Allergy Candida Albicans - Inhalant (Immunocap/FEIA)","1000","500","500"
"93","Allergy Carrot - Veg (Immunocap/FEIA)","1000","500","500"
"94","Allergy Cashew Nut - Veg (Immunocap/FEIA)","1000","500","500"
"95","Allergy Cat Dander - Inhalant (Immunocap/FEIA)","1000","500","500"
"96","Allergy Celery - Veg (Immunocap/FEIA)","1000","500","500"
"97","Allergy Chesse (Cheddar Type) - Veg (Immunocap/FEIA)","1000","500","500"
"98","Allergy Chick Pea - Veg (Immunocap/FEIA)","1000","500","500"
"99","Allergy Chicken - Non Veg (Immunocap/FEIA)","1000","500","500"
"100","Allergy Chillie - Veg (Immunocap/FEIA)","1000","500","500"
"101","Allergy Cladosporium - Inhalant (Immunocap/FEIA)","1000","500","500"
"102","Allergy Cockroach - Inhalant (Immunocap/FEIA)","1000","500","500"
"103","Allergy Coconut - Veg (Immunocap/FEIA)","1000","500","500"
"104","Allergy Coffee - Veg (Immunocap/FEIA)","1000","500","500"
"105","Allergy Commom Pigweed - Inhalant (Immunocap/FEIA)","1000","500","500"
"106","Allergy Common Ragweed - Inhalant (Immunocap/FEIA)","1000","500","500"
"107","Allergy Common Silver Birch - Inhalant (Immunocap/FEIA)","1000","500","500"
"108","Allergy Cow Milk (Immunocap/FEIA)","1000","500","500"
"109","Allergy Crab - Non Veg (Immunocap/FEIA)","1000","500","500"
"110","Allergy Cucumber - Veg (Immunocap/FEIA)","1000","500","500"
"111","Allergy Dog Dander - Inhalant (Immunocap/FEIA)","1000","500","500"
"112","Allergy Egg - Non Veg (Immunocap/FEIA)","1000","500","500"
"113","Allergy Egg Plant - Veg (Immunocap/FEIA)","1000","500","500"
"114","Allergy Egg White, Serum","1000","500","500"
"115","Allergy Egg Yolk, Serum","1000","500","500"
"116","Allergy Elm - Inhalant (Immunocap/FEIA)","1000","500","500"
"117","Allergy Fish (Cod) - Non Veg (Immunocap/FEIA)","1000","500","500"
"118","Allergy For Citrous Fruits","1000","500","500"
"119","Allergy For Fish","1000","500","500"
"120","Allergy For Tamarind","1000","500","500"
"121","Allergy Fruit Panel (12 Allergen)","8250","4125","4125"
"122","Allergy Garlic - Veg (Immunocap/FEIA)","1000","500","500"
"123","Allergy Gluten - Veg (Immunocap/FEIA)","1000","500","500"
"124","Allergy Goosefoot - Inhalant (Immunocap/FEIA)","1000","500","500"
"125","Allergy Grapes - Veg (Immunocap/FEIA)","1000","500","500"
"126","Allergy Grass Panel ( 3 Allergens )","2500","1250","1250"
"127","Allergy Hazel Nut - Veg (Immunocap/FEIA)","1000","500","500"
"128","Allergy House Dust Mite Dermatophagoides Pteronyssinus Inhalant (Immunocap/FEIA)","1000","500","500"
"129","Allergy Indoor Panel (4 Allergens )","3250","1625","1625"
"130","Allergy Johnson Grass - Inhalant (Immunocap/FEIA)","1000","500","500"
"131","Allergy Kiwi - Veg (Immunocap/FEIA)","1000","500","500"
"132","Allergy Legume Panel (4 Allergens)","3250","1625","1625"
"133","Allergy Lemon - Veg (Immunocap/FEIA)","1000","500","500"
"134","Allergy Lentil - Veg (Immunocap/FEIA)","1000","500","500"
"135","Allergy Lettuce - Veg (Immunocap/FEIA)","1000","500","500"
"136","Allergy Lobster - Non Veg (Immunocap/FEIA)","1000","500","500"
"137","Allergy Maize - Veg (Immunocap/FEIA)","1000","500","500"
"138","Allergy Mango - Veg (Immunocap/FEIA)","1000","500","500"
"139","Allergy Mesquite - Inhalant (Immunocap/FEIA)","1000","500","500"
"140","Allergy Milk - Veg (Immunocap/FEIA)","1000","500","500"
"141","Allergy Mugwort - Inhalant (Immunocap/FEIA)","1000","500","500"
"142","Allergy Mushroom - Veg (Immunocap/FEIA)","1000","500","500"
"143","Allergy Mustard Seed - Veg (Immunocap/FEIA)","1000","500","500"
"144","Allergy Mutton - Non Veg (Immunocap/FEIA)","1000","500","500"
"145","Allergy Non Veg Panel (8 Allergens)","6250","3125","3125"
"146","Allergy Nuts Panel ( 5 Allergen)","4250","2125","2125"
"147","Allergy Oat - Veg (Immunocap/FEIA)","1000","500","500"
"148","Allergy Orange - Veg (Immunocap/FEIA)","1000","500","500"
"149","Allergy Parthenium - Inhalant (Immunocap/FEIA)","1000","500","500"
"150","Allergy Pea - Veg (Immunocap/FEIA)","1000","500","500"
"151","Allergy Peach - Veg (Immunocap/FEIA)","1000","500","500"
"152","Allergy Peanut - Veg (Immunocap/FEIA)","1000","500","500"
"153","Allergy Pear - Veg (Immunocap/FEIA)","1000","500","500"
"154","Allergy Penicillium Chrysogenum - Inhalant (Immunocap/FEIA)","1000","500","500"
"155","Allergy Pineapple - Veg (Immunocap/FEIA)","1000","500","500"
"156","Allergy Pomegranate - Veg (Immunocap/FEIA)","1000","500","500"
"157","Allergy Pork - Non Veg (Immunocap/FEIA)","1000","500","500"
"158","Allergy Potato - Veg (Immunocap/FEIA)","1000","500","500"
"159","Allergy Regweed - Inhalant (Immunocap/FEIA)","1000","500","500"
"160","Allergy Rice - Veg (Immunocap/FEIA)","1000","500","500"
"161","Allergy Screening Tryptase","3500","1750","1750"
"162","Allergy Sesame Seed - Veg (Immunocap/FEIA)","1000","500","500"
"163","Allergy Soyabean - Veg (Immunocap/FEIA)","1000","500","500"
"164","Allergy Spinach - Veg (Immunocap/FEIA)","1000","500","500"
"165","Allergy Starch Panel (3 Allergens)","2500","1250","1250"
"166","Allergy Strawberry - Veg (Immunocap/FEIA)","1000","500","500"
"167","Allergy Test For Chocolate, Serum","1000","500","500"
"168","Allergy Test For Paracetamol","1000","500","500"
"169","Allergy Timothy - Inhalant (Immunocap/FEIA)","1000","500","500"
"170","Allergy Tomato - Veg (Immunocap/FEIA)","1000","500","500"
"171","Allergy Vegetable Panel (11 Allergen)","9000","4500","4500"
"172","Allergy Walnut - Veg (Immunocap/FEIA)","1000","500","500"
"173","Allergy: 107 Allergens","6500","3250","3250"
"174","Almond- Veg (EIA)","500","250","250"
"175","Alpha 1 Antitrypsin, Serum","3000","1500","1500"
"176","Alpha Feto Protein (Afp), Serum","850","425","425"
"177","Alpha Feto Protein (Afp), Serum (Triple)","1000","500","500"
"178","Alpha Lacto Globulin (EIA)","500","250","250"
"179","Alternaria Alternate (EIA)","500","250","250"
"180","Amacr (Alpha-Methylacyl-Coa Racemase/P5045)","4500","2250","2250"
"181","Amenorrhoea Profile","2250","1125","1125"
"182","AMH ( Anti mullerian hormone) - Elisa","1250","625","625"
"183","Amh + Panel","3500","1750","1750"
"184","Amino Acid Profile Urine","7750","3875","3875"
"185","Amino Acid Quantitative Plasma","8000","4000","4000"
"186","Amino Levulinic Acid Ala (Quantitative), Urine Spot","6500","3250","3250"
"187","Ammonia","1200","600","600"
"188","Amoebic Serology Igg, Serum","2500","1250","1250"
"189","Amoxicillin- Drug (EIA)","500","250","250"
"190","Ampicillin- Drug (EIA)","500","250","250"
"191","Amylase - Ascitic Fluid","550","275","275"
"192","Amylase - Peritonial Fluid","550","275","275"
"193","Amylase ( Pleural Fluid )","550","275","275"
"194","Amylase (Spot Urine)","550","275","275"
"195","Amylase, Body Fluid","550","275","275"
"196","Amylase, Serum","550","275","275"
"197","Ana Profile (17 Antigen)","5000","2500","2500"
"198","Ana Profile (25 Antigen)","5500","2750","2750"
"199","Ana Reflex To Ena Profile","6000","3000","3000"
"200","Anaerobic Culture","1600","800","800"
"201","Analgin (EIA)","500","250","250"
"202","Anca Profile (Immunoblot), Serum","3750","1875","1875"
"203","Androgen receptor","4500","2250","2250"
"204","Androstenedione, Serum","3500","1750","1750"
"205","Anemia Profile","2500","1250","1250"
"206","Angiotensin Converting Enzyme (Ace), Serum","1750","875","875"
"207","Anti Intrinstic Antibody","3100","1550","1550"
"208","Anti - Jo Antibody, Serum","2200","1100","1100"
"209","Anti Aquaporin 4 Antibody (Neuromyelitis Optica / Transverse Myelitis), Serum Ifa","5000","2500","2500"
"210","Anti Aquaporine 4 Antibody ( Eia)","2200","1100","1100"
"211","Anti B Antibody Titre","2900","1450","1450"
"212","Anti Ccp, Serum","1500","750","750"
"213","Anti Centromere Ab, Serum","2200","1100","1100"
"214","Anti Complement Factor H","7500","3750","3750"
"215","Anti Cysticercosis-Igg","2450","1225","1225"
"216","Anti Diuretic Hormone (Adh) (Vasopressin), Edta","7000","3500","3500"
"217","Anti Ds Dna","1100","550","550"
"218","Anti Ds-Dna Antibody - Ifa (Qualitative)","2750","1375","1375"
"219","Anti Factor X A Assay","7000","3500","3500"
"220","Anti Glomerular Basement Membrane Ab - Igg, Serum","3000","1500","1500"
"221","Anti Hav - Igg","1000","500","500"
"222","Anti Hav - Igm","1000","500","500"
"223","Anti Hav Total","1000","500","500"
"224","Anti Hbc - Igm","1000","500","500"
"225","Anti Hbc Ab - Total","1000","500","500"
"226","Anti Hbe","1000","500","500"
"227","Anti Hbs","1000","500","500"
"228","Anti Hbs (Cmia Method)","2200","1100","1100"
"229","Anti Hdv-Total Antibodies To Hepatitis Delta Virus","6500","3250","3250"
"230","Anti Histone Antibody","3000","1500","1500"
"231","Anti Intinsic Factor Antibody","3500","1750","1750"
"232","Anti Mag Antibodies","7000","3500","3500"
"233","Anti Mitochondrial Antibody","1600","800","800"
"234","Anti Mog ( Myelin Oligodendrocyte Glucoprotein) ( Eia )","2250","1125","1125"
"235","Anti Mog (Myelin Oligodendrocyte Glycoprotein) Ifa","7250","3625","3625"
"236","Anti Mog + Anti Nmo /Aquaporine 4 Antibody ( Eia )","3750","1875","1875"
"237","Anti Mullerian Hormone ( Amh ) By Eclia","1500","750","750"
"238","Anti -Nmo/Aquaporin -4 + Anti Mog Ifa","9000","4500","4500"
"239","Anti Nuclear Anti Body - (Ana) Ifa","1250","625","625"
"240","Anti Nuclear Antibody (Ana) ( Clia )","800","400","400"
"241","Anti Phospholipid - Igg Igm","2000","1000","1000"
"242","Anti Phospholipid Ab - Igg","1000","500","500"
"243","Anti Phospholipid Ab - Igm","1000","500","500"
"244","Anti Smith Antibody","2900","1450","1450"
"245","Anti Smooth Muscle Antibody (Asma), Serum","3750","1875","1875"
"246","Anti Soluble Liver Antigen Sla","2500","1250","1250"
"247","Anti Sperm Antibody (Asab), Serum","1250","625","625"
"248","Anti Thrombin Iii, Serum","2700","1350","1350"
"249","Anti Thyroglobulin - Serum","1100","550","550"
"250","Anti Topisomerase A B","2000","1000","1000"
"251","Apla Syndrome Profile","4750","2375","2375"
"252","Aplar2 Antibody (Anti Pla2R)","6000","3000","3000"
"253","Apolipoproteins A1 (Apo-A1)","650","325","325"
"254","Apolipoproteins B (Apo-B)","650","325","325"
"255","Apple- Veg (EIA)","500","250","250"
"256","Arsenic","3500","1750","1750"
"257","Asca Iga-Anti Saceharomyces Cerevisiae Antibody","4000","2000","2000"
"258","Asca Igg-Anti Saceharomyces Cerevisiae Antibody","4000","2000","2000"
"259","Aso Titre Quantification","700","350","350"
"260","Asparagus (EIA)","500","250","250"
"261","Aspergilles Specific (Serum) Igg","2400","1200","1200"
"262","Aspergillus Antibody","2500","1250","1250"
"263","Aspergillus Fumigates- Inhalents (EIA)","500","250","250"
"264","Aspergillus Fumigatus For Ige","1100","550","550"
"265","Aspergillus Galactomannan Assay","5500","2750","2750"
"266","Aspergillus Igm Antibody","2650","1325","1325"
"267","Aspergillus Specific Ige","2000","1000","1000"
"268","Aspirin- Drug (EIA)","500","250","250"
"269","Autoimmune Encephalitis Profile","20000","10000","10000"
"270","Autoimmune Hepatitis Panel","5500","2750","2750"
"271","Autoimmune Hepatitis Panel 1","6000","3000","3000"
"272","Automated Identification And Mic","1250","625","625"
"273","Autopsy Large Biopsy","3000","1500","1500"
"274","Bacterial Culture For Fluid","1000","500","500"
"275","Bacterial Culture, Tissue","1000","500","500"
"276","Baker'S Yeast (EIA)","500","250","250"
"277","Banana- Veg (EIA)","500","250","250"
"278","Barbiturate - Urine","1650","825","825"
"279","Barley (EIA)","500","250","250"
"280","Bcl6 In Endometrial Biopsy By Ihc","7000","3500","3500"
"281","Beans- Veg (EIA)","500","250","250"
"282","Beef- Non Veg (EIA)","500","250","250"
"283","Beet Root- Veg (EIA)","500","250","250"
"284","Bence Jones Protein( Spot Urine )","200","100","100"
"285","Benzodiazapine (Qualitative), Urine","1400","700","700"
"286","Benzodiazapine Quantitative In (Urine)","11000","5500","5500"
"287","Benzodiazepines - Urine Screening Qualitative","1500","750","750"
"288","Bermuda Grass- Inhalents (EIA)","500","250","250"
"289","Beta 2 Glycoprotein Iga","1450","725","725"
"290","Beta 2 Glycoprotein Igg","1450","725","725"
"291","Beta 2 Glycoprotein Igm","1450","725","725"
"292","Beta 2 Microglobulin","1800","900","900"
"293","Beta 2 Microglobulin (Amniotic Fluid)","1800","900","900"
"294","Beta Crosslaps; Beta Ctx; Collagen Type 1C-Telopeptide","2500","1250","1250"
"295","Beta HCG (CLIA)","400","200","200"
"296","Beta Hcg, Serum","400","200","200"
"297","Beta Lactoglobulin (EIA)","500","250","250"
"298","Bicarbonate (24 Hrs. Urine)","550","275","275"
"299","Bicarbonate (Hco3), Serum","450","225","225"
"300","Bile Acids Serum","2200","1100","1100"
"301","Bile Pigments ( Urine )","150","75","75"
"302","Bile Pigments (Body Fluid)","220","110","110"
"303","Bile Salt (Body Fluid)","300","150","150"
"304","Bile Salts ( Urine )","150","75","75"
"305","Bilirubin (Total)- Body Fluid","150","75","75"
"306","Bilirubin (Total) Serum","150","75","75"
"307","Bilirubin Direct, Serum","150","75","75"
"308","Bilirubin Indirect, Serum","150","75","75"
"309","Bilirubin(Total/Direct/Indirect)","300","150","150"
"310","Bioavailable Testosterone","3250","1625","1625"
"311","Biopsy Large","1600","800","800"
"312","Biopsy Medium","1100","550","550"
"313","Biopsy Small","600","300","300"
"314","Biopsy Emergency","1750","875","875"
"315","Biopsy Extra Large Specimen","2200","1100","1100"
"316","Biopsy Medium 2 Small Container","1250","625","625"
"317","Biopsy More Than Extra Large","3750","1875","1875"
"318","Biopsy Slide For (Second Opinion)","600","300","300"
"319","Biotidinase ( Dbs)","550","275","275"
"320","Biotinidase Quantitative","8600","4300","4300"
"321","Black Pepper- Veg (EIA)","500","250","250"
"322","Bleeding Disorder Panel","5000","2500","2500"
"323","Bleeding Time (Bt)","70","35","35"
"324","Block And Slide Return 1 To 3 Blocks","400","200","200"
"325","Block And Slide Return 4 To 5 Blocks","750","375","375"
"326","Block For Review 6 To 10 Blocks","1650","825","825"
"327","Block For Review More Than 10 Blocks","3000","1500","1500"
"328","Block For Review Upto 5 Blocks","1100","550","550"
"329","Block Preparation","600","300","300"
"330","Blocks And Slides Return Above 5 Blocks","750","375","375"
"331","Blomia Tropicalis- Inhalents (EIA)","500","250","250"
"332","Blood Culture Aerobic (Bact/Alert 3D With Automated Identification & Antibiogram)","1000","500","500"
"333","Blood Grouping And Rh Test","350","175","175"
"334","Blood Urea","180","90","90"
"335","Blood-Urine - Tms And Gcms","15000","7500","7500"
"336","Bnp (B Type Natriuretic Peptide)","3000","1500","1500"
"337","Body Fluid - Bicarbonate ( Hco3)","550","275","275"
"338","Body Fluid - Magnesium ( Mg)","550","275","275"
"339","Body Fluid - Adenosine Deaminase (Ada)","1000","500","500"
"340","Body Fluid - Afp","900","450","450"
"341","Body Fluid - Beta Hcg","450","225","225"
"342","Body Fluid - Ca 125","1000","500","500"
"343","Body Fluid - Ca 19.9","1300","650","650"
"344","Body Fluid - Globulin","300","150","150"
"345","Body Fluid - Lipase","1100","550","550"
"346","Body Fluid Alkaline Phosphatase","350","175","175"
"347","Body Fluid Chyle","400","200","200"
"348","Body Fluids - Cell Count","280","140","140"
"349","Body Fluids - Chloride","280","140","140"
"350","Body Fluids - Differential Count","220","110","110"
"351","Body Fluids - Sugar","120","60","60"
"352","Boh Basic Panel","4250","2125","2125"
"353","Boh Basic Panel1","4750","2375","2375"
"354","Bone Marrow Smear Examination And Cytochemistry","1100","550","550"
"355","Bone Marrow Small Biopsy","850","425","425"
"356","Bone Marrow Study","1100","550","550"
"357","Bone Mineral Profile","2800","1400","1400"
"358","Bordetella Pertussis Igg Antibodies Quantitative By Eia - Serum","4250","2125","2125"
"359","Brinjal/Egg Plant / Aubergine- Veg (EIA)","500","250","250"
"360","Brucella Antibody","1950","975","975"
"361","Brucella Igg Antibody","1600","800","800"
"362","Brucella Igm Antibody","1600","800","800"
"363","Brufen ( Ibuprofen )- Drug (EIA)","500","250","250"
"364","Bt And Ct","150","75","75"
"365","Budgerigar Feathers (EIA)","500","250","250"
"366","Bun - Blood Urea Nitrogen, Serum","220","110","110"
"367","Bun/Creatinine Ratio","550","275","275"
"368","Butter (EIA)","500","250","250"
"369","C - Peptide - Fasting","1000","500","500"
"370","C - Peptide - Pp","1000","500","500"
"371","C - Peptide - Random","1000","500","500"
"372","C Anca - Elisa, Serum","1800","900","900"
"373","C Anca - If Immunofluorescence Method, Serum","3250","1625","1625"
"374","C1 Esterase Inhibitor","5750","2875","2875"
"375","C3 - Compliment 3, Serum","900","450","450"
"376","C4 - Complement 4, Serum","900","450","450"
"377","Ca-125","900","450","450"
"378","Ca-15.3","1250","625","625"
"379","Ca-19.9","1350","675","675"
"380","Ca-27.29","10500","5250","5250"
"381","Ca-72.4","3000","1500","1500"
"382","Cabbage- Veg (EIA)","500","250","250"
"383","Calcitonin","2100","1050","1050"
"384","Calcium - 24 Hrs Urine","450","225","225"
"385","Calcium ( Spot Urine )","350","175","175"
"386","Calcium (Amniotic Fluid)","350","175","175"
"387","Calcium Creatinine Ratio - Urine Spot","550","275","275"
"388","Calcium, Serum","350","175","175"
"389","Calprotectin - Stool ( Clia )","3250","1625","1625"
"390","Cancer Screening Test For Female","3000","1500","1500"
"391","Cancer Screening Test For Male","3000","1500","1500"
"392","Candida Albicans- Inhalents (EIA)","500","250","250"
"393","Cango Red 1","650","325","325"
"394","Caraway (Jeera) (EIA)","500","250","250"
"395","Carbamazepine","1100","550","550"
"396","Cardamom- Veg (EIA)","500","250","250"
"397","Cardiac Marker Test","3500","1750","1750"
"398","Cardiolipin Antibody - Iga, Serum","1000","500","500"
"399","Cardiolipin Antibody - Igg Igm","1900","950","950"
"400","Cardiolipin Antibody - Igg, Serum","1000","500","500"
"401","Cardiolipin Antibody - Igm, Serum","1000","500","500"
"402","Carrier Screening (Dmd, Sma, Frigile X, Thalaseemia, Sickle Cell, Cystic)","22500","11250","11250"
"403","Carrot (EIA)","500","250","250"
"404","Casein (EIA)","500","250","250"
"405","Cashew Nut (EIA)","500","250","250"
"406","Cat Epithelium- Inhalents (EIA)","500","250","250"
"407","Catecholamine (Adrenaline And Non-Adrenaline) Plasma","9000","4500","4500"
"408","Cd 1A (Pan T -Cell Marker)","2750","1375","1375"
"409","Cd 27 Prognostic Markers ( Lymphoma )","1450","725","725"
"410","Cd 5","2750","1375","1375"
"411","Cd 7 Prognostic Markers ( Lymphoma )","1650","825","825"
"412","Cd 99","1650","825","825"
"413","Cd11B (Myeloid Marker)","3500","1750","1750"
"414","Cd138","1650","825","825"
"415","Cd2","2750","1375","1375"
"416","Cd38","2750","1375","1375"
"417","Cea-Carcino Embryonic Antigen- Body Fluid","950","475","475"
"418","Cea-Carcino Embryonic Antigen, Serum","950","475","475"
"419","Cefaclor- Drug (EIA)","500","250","250"
"420","Cefactor","500","250","250"
"421","Celeriac/Celery (EIA)","500","250","250"
"422","Cell Block","600","300","300"
"423","Cell Count (Ascitic Fluid)","300","150","150"
"424","Cell Count, Csf","300","150","150"
"425","Cephalexin (EIA)","500","250","250"
"426","Cephalosproin C- Drug (EIA)","500","250","250"
"427","Ceruloplasmin - Serum","1100","550","550"
"428","Cervical Swab Culture And Sensitivity","550","275","275"
"429","Ch-50 (Complement, Total),","5000","2500","2500"
"430","Cheddar Cheese (EIA)","500","250","250"
"431","Chick Pea (Channa Dal) - Veg (EIA)","500","250","250"
"432","Chicken Feathers- Inhalents (EIA)","500","250","250"
"433","Chicken- Non Veg (EIA)","500","250","250"
"434","Chikungunya Igg Antibody","1350","675","675"
"435","Chikungunya Igg (Elisa)","1100","550","550"
"436","Chikungunya Igm ( Elisa)","1100","550","550"
"437","Chikungunya Igm (Immunochromatography)","700","350","350"
"438","Chilli Pepper (EIA)","500","250","250"
"439","Chlamydia Iga, Serum","2750","1375","1375"
"440","Chlamydia Igg, Serum","2750","1375","1375"
"441","Chlamydia Igm","2750","1375","1375"
"442","Chlamydia Trachimatis Antibody (Igm)","2750","1375","1375"
"443","Chlamydia Trachomatis (Cat)","1750","875","875"
"444","Chloride ( 24 Hrs Urine )","550","275","275"
"445","Chloride ( Fluid)","280","140","140"
"446","Chloride ( Spot Urine )","280","140","140"
"447","Chloride (Amniotic Fluid)","280","140","140"
"448","Chloride, Serum","280","140","140"
"449","Chloroquine (EIA)","500","250","250"
"450","Chocolate- Veg (EIA)","500","250","250"
"451","Cholesterol - Total, Body Fluid","280","140","140"
"452","Chromium","5000","2500","2500"
"453","Chromium - Serum","5500","2750","2750"
"454","Chromium - Urine","4500","2250","2250"
"455","Chromogranin - A","4500","2250","2250"
"456","Chyle","550","275","275"
"457","Chylomicron ( Body fluid)","1200","600","600"
"458","Ciprofloxacin- Drug (EIA)","500","250","250"
"459","Cladosporium Herbarum (EIA)","500","250","250"
"460","Clotting Time","70","35","35"
"461","Cloves (EIA)","500","250","250"
"462","Clozapine, Serum","6000","3000","3000"
"463","CLPD - NHL BASIC","10000","5000","5000"
"464","Cmv (Cytomegalovirus) - Igg","750","375","375"
"465","Cmv (Cytomegalovirus) - Igm","750","375","375"
"466","Cmv Igg Avidity Test","3000","1500","1500"
"467","Coagulant Panel","11000","5500","5500"
"468","Coagulation Profile - Maxi","12750","6375","6375"
"469","Coagulation Profile - Mini","500","250","250"
"470","Cocks Foot (Orchard Grass) (EIA)","500","250","250"
"471","Cocoa (EIA)","500","250","250"
"472","Coconut (EIA)","500","250","250"
"473","Coconut Milk (EIA)","500","250","250"
"474","Coffee (EIA)","500","250","250"
"475","Cold Aggulutinin","750","375","375"
"476","Colistin Mic By Broth Dilution With Organism Identification","1850","925","925"
"477","Colistin Mic By Broth Micro Dilution","600","300","300"
"478","Common Bile Duct Stone Analysis","1600","800","800"
"479","Common Ragweed- Inhalents (EIA)","500","250","250"
"480","Complete Allergy panel (303) (ALEX)","15000","7500","7500"
"481","Complete Breast Panel","7750","3875","3875"
"482","Complete Haemogram With Peripheral Smear","650","325","325"
"483","Complete Hemogram","400","200","200"
"484","Complete Hemogram (Blood Bank)","400","200","200"
"485","Complete Hemogram With Nlr","550","275","275"
"486","Complete Hemogram With Out Esr","300","150","150"
"487","Coombs Direct","750","375","375"
"488","Coombs Indirect","750","375","375"
"489","Copper - 24 Hrs. Urine","1500","750","750"
"490","Copper - Serum","1100","550","550"
"491","Copper (Random Urine)","1300","650","650"
"492","Copper Stain (Liver Biopsy)","1000","500","500"
"493","Corrected Calcium","440","220","220"
"494","Cortisol - Am","700","350","350"
"495","Cortisol - Pm","700","350","350"
"496","Cortisol (Random)","700","350","350"
"497","Cortisol 24 Hrs Urine","850","425","425"
"498","Cortisol Saliva","800","400","400"
"499","Cortisol Spot Urine","800","400","400"
"500","Covid-19 (Sars-Cov-2) Qualitative Rt-Pcr","440","220","220"
"501","COVID-19 (SARS-CoV-2) Qualitative RT-PCR","400","200","200"
"502","Cow'S Milk (Kefir)- Veg (EIA)","500","250","250"
"503","Coxsackie Virus Antibody Igg","3800","1900","1900"
"504","Coxsackie Virus Antibody Igm","3800","1900","1900"
"505","Cpk - Creatine Phospho Kinase (Total), Serum","450","225","225"
"506","Cpk-Mb, Serum","650","325","325"
"507","Crab- Non Veg (EIA)","500","250","250"
"508","Creatinine - 24 Hrs. Urine","280","140","140"
"509","Creatinine - Ascitic Fluid","280","140","140"
"510","Creatinine ( Drain Fluid )","280","140","140"
"511","Creatinine ( Spot Urine )","170","85","85"
"512","Creatinine (Amniotic Fluid)","280","140","140"
"513","Creatinine (Fluid)","280","140","140"
"514","Creatinine Clearance Serum","440","220","220"
"515","Creatinine Clearance ( 24 Hrs Urine )","550","275","275"
"516","Creatinine, Serum","170","85","85"
"517","Crp-C Reactive Protein","550","275","275"
"518","Cryoglobulins","1650","825","825"
"519","Cryptococcus Antigen Detection By Agglutination","3500","1750","1750"
"520","Csf - Chloride","280","140","140"
"521","Csf - Differencial Count","280","140","140"
"522","Csf - Globulin","450","225","225"
"523","Csf - Glucose","150","75","75"
"524","Csf - Igg","1350","675","675"
"525","Csf - Igm","1320","660","660"
"526","Csf - Measles Igg","2200","1100","1100"
"527","Csf - Measles Igm","2200","1100","1100"
"528","Csf - Protein","280","140","140"
"529","Csf - Pyruvate","1750","875","875"
"530","Csf - Sodium","280","140","140"
"531","Csf - Total Protein","280","140","140"
"532","Csf - Total Wbc Count","280","140","140"
"533","Csf - Vdrl","300","150","150"
"534","Csf Culture With Bactec With Automated Identification & Antibiogram","900","450","450"
"535","Csf Electrolytes","550","275","275"
"536","Csf Fluid For Cryptococcus Antigen","3500","1750","1750"
"537","Csf For Cytology","770","385","385"
"538","Csf For Ocb","4600","2300","2300"
"539","Cucumber- Veg (EIA)","500","250","250"
"540","Curd- Veg (EIA)","500","250","250"
"541","Cyclosporine","4000","2000","2000"
"542","Cyfra (Ca 21.1)","4000","2000","2000"
"543","Cystatin C Serum","2200","1100","1100"
"544","Cystine Quantitative -Urine","8500","4250","4250"
"545","Cyto special stain","1000","500","500"
"546","Cytology Fluid","750","375","375"
"547","Date- Veg (EIA)","500","250","250"
"548","Dbs Tms Profile","8000","4000","4000"
"549","D-Dimer","1000","500","500"
"550","D-Dimer - Ascitic Fluid","1000","500","500"
"551","D-Dimer - Body Fluid","1000","500","500"
"552","Dengue - Igg Elisa","800","400","400"
"553","Dengue - Igm Elisa","800","400","400"
"554","Dengue Ns1 Elisa","900","450","450"
"555","Dengue Igg Igm","1600","800","800"
"556","Dengue Profile","2000","1000","1000"
"557","Deodorant (EIA)","500","250","250"
"558","Dermatophagoides - Farinae- Inhalents (EIA)","500","250","250"
"559","Dermatophagoides - Pteronyssinus- Inhalents (EIA)","500","250","250"
"560","Des Gamma Carboxy Prothrombin (Dcp)/Pivka Ii, Serum","4500","2250","2250"
"561","Desmoglein (Dsg) Level 1","6600","3300","3300"
"562","Desmoglein (Dsg) Level 3","6000","3000","3000"
"563","Dexomethasone (EIA)","500","250","250"
"564","Dhea Dehydroepiandrosterone - Serum","3000","1500","1500"
"565","Dheas","1100","550","550"
"566","Dht- Di Hydro Testosterone Serum","3300","1650","1650"
"567","Diabetes Mellitus","5500","2750","2750"
"568","Diclofenac","2000","1000","1000"
"569","Diclofenac- Drug (EIA)","500","250","250"
"570","Differential Count (Dc)","220","110","110"
"571","Digoxin (Lanoxin) Serum","1300","650","650"
"572","Dilute Russells Viper Venom Test ( Drvvt )","2200","1100","1100"
"573","Diphtheria Antibody Igg","4000","2000","2000"
"574","Dog Dandruff","1000","500","500"
"575","Dog Dandruff (EIA)","500","250","250"
"576","Dog Epithelium","1000","500","500"
"577","Dog Epithelium- Inhalents (EIA)","500","250","250"
"578","Dog Saliva","1000","500","500"
"579","Dopamine Serum","4000","2000","2000"
"580","Double Screening","2100","1050","1050"
"581","Double Screening With Afp","2100","1050","1050"
"582","Double Screening With Plgf","3300","1650","1650"
"583","Double Screening with Scan","3250","1625","1625"
"584","Drug - Amphetamines ( Urine) - Quantative","1500","750","750"
"585","Drug Allergy Panel - (EIA)","6500","3250","3250"
"586","Drugs Of Abuse Panel (Urine) 6 Drugs","2500","1250","1250"
"587","Drugs Of Abuse Panel (Urine) 12 Drugs","4500","2250","2250"
"588","Drugs Of Abuse Panel (Urine) 14 Drugs","5000","2500","2500"
"589","Drugs Of Abuse Panel (Urine) 9 Drugs","3500","1750","1750"
"590","Duck Fethers (EIA)","500","250","250"
"591","Ebv Ebstein Barr Virus - Igm Antibodies","2200","1100","1100"
"592","Ebv Epstein Barr Virus Igg","2200","1100","1100"
"593","Echinococcus Igg ( Elisa)","2200","1100","1100"
"594","Echinococcus (Hydwtid Serology) Igg","2200","1100","1100"
"595","Echovirus Antibody, Igg","3250","1625","1625"
"596","Echovirus Antibody, Igm","3250","1625","1625"
"597","Eczema (Veg & Non Veg - 20 Allerngens) Panel","15500","7750","7750"
"598","Eczema Panel For Vegetarians","12500","6250","6250"
"599","Egfr + Alk Ihc","4500","2250","2250"
"600","Egg- Non Veg (EIA)","500","250","250"
"601","Egg White- Non Veg (EIA)","500","250","250"
"602","Egg Yolk- Non Veg (EIA)","500","250","250"
"603","Electrolytes (Na,K,Cl)","350","175","175"
"604","Electrolytes With Bicarbonate","550","275","275"
"605","Electron Microscopy For Renal Biopsy","12500","6250","6250"
"606","Elm (EIA)","500","250","250"
"607","Eml4 - Alk","6000","3000","3000"
"608","Ena ( Extractable Nuclear Antigen ) Profile","5500","2750","2750"
"609","Endometrium Comprehensive Ihc","10500","5250","5250"
"610","Endomysial Antibody Iga","3500","1750","1750"
"611","Endomysial Antibody Igg","4500","2250","2250"
"612","Endomysial Antibody-Iga","3500","1750","1750"
"613","Endoscopy Biopsy","1250","625","625"
"614","Enhanced First Trimester Screening ( Efts ) / 1T Quad","4500","2250","2250"
"615","Eosinophils In Urine","350","175","175"
"616","Epidermal (Pemphigus) Antibody Ifa In Dilutions","6250","3125","3125"
"617","Erythromycin- Drug (EIA)","450","225","225"
"618","Esr - Erythrocyte Sedimentation Rate","90","45","45"
"619","Estimated Protein Excretion","450","225","225"
"620","Estradiol (E2), Serum","500","250","250"
"621","Estradiol E2 (CLIA)","500","250","250"
"622","Estriol - Free","1100","550","550"
"623","Estriol - Free (Triple)","1100","550","550"
"624","Estrone (E1 )","9500","4750","4750"
"625","Everolimus","7750","3875","3875"
"626","Extended Boh Panel","6200","3100","3100"
"627","Eye Swab Culture (Left)","600","300","300"
"628","Eye Swab Culture (Right)","600","300","300"
"629","Factor Viii Activity","2750","1375","1375"
"630","Factor Ix Activity","3200","1600","1600"
"631","Factor V","3500","1750","1750"
"632","Factor Vii Functional","4000","2000","2000"
"633","Factor Viii (Blood Bank)","2650","1325","1325"
"634","Factor X","6500","3250","3250"
"635","Factor Xiii","3500","1750","1750"
"636","Factor Xiii Activity","3500","1750","1750"
"637","Fatty Acids With Very Long Chains C22 To C26 -Plasma","20000","10000","10000"
"638","Fdp - Fibrinogen Degradation Products, Plasma","1100","550","550"
"639","Fecal Elastase","5500","2750","2750"
"640","Female Hormone Profile","3250","1625","1625"
"641","Ferritin, Serum","900","450","450"
"642","Fertility Index(Amh,Lh,Fsh,Prl,E2,Tsh)","3000","1500","1500"
"643","Fertility Profile 1","1600","800","800"
"644","Fetal Autopsy","6250","3125","3125"
"645","Fever Profile Mini","1650","825","825"
"646","Fever Profile Serology","5000","2500","2500"
"647","Fibrinogen","1000","500","500"
"648","Fibrinogen ( Blood Bank)","1000","500","500"
"649","Filaria Antibody Detection","1600","800","800"
"650","Fire Ant (EIA)","500","250","250"
"651","First Trimester With Plgf (Astria)","4000","2000","2000"
"652","First Trimester Screening (Astria)","2200","1100","1100"
"653","Fish (Cod)- Non Veg (EIA)","500","250","250"
"654","Flu panel complete COVID H1N1 Adeno RSV","7500","3750","3750"
"655","Fnac - Slide (Second Opinion)","850","425","425"
"656","Fnac (Fine Needle Aspiration Cytology)","900","450","450"
"657","Fnac Four Slides","1100","550","550"
"658","Fnac Single Slide","400","200","200"
"659","Fnac Stained & Unstained Slides 6 To 10 Nos","1250","625","625"
"660","Fnac Stained & Unstained Slides More Than 10 Slides","1600","800","800"
"661","Fnac Stained & Unstained Slides Upto 5 Nos","1300","650","650"
"662","Fnac Three Slides","1000","500","500"
"663","Fnac Two Slides","750","375","375"
"664","Folic Acid (Folate) Clia","1000","500","500"
"665","Folic Acid / Folate - Serum","1000","500","500"
"666","Follicle Stimulating hormone FSH (CLIA)","450","225","225"
"667","Fractional Excretion Of Magnesium (Fema)","1100","550","550"
"668","Fractional Excretion Of Uric Acid (Feua)","1100","550","550"
"669","Fractional Excretion Of Urea (Fe Urea)","1100","550","550"
"670","Free Androgen Index","3000","1500","1500"
"671","Free Beta Hcg, Serum","1750","875","875"
"672","Free Beta Hcg, Serum (Triple)","1400","700","700"
"673","Free Light Chains - Kappa &Lambda (Urine)","3850","1925","1925"
"674","Free Light Chains-Kappa & Lambda","3850","1925","1925"
"675","Free Psa (Prostate Specific Antigen), Serum","1100","550","550"
"676","Free Psa Total Psa Ratio","1540","770","770"
"677","Free T3","200","100","100"
"678","Free T4","200","100","100"
"679","Free T4 Tsh","450","225","225"
"680","Free Testosterone, Serum","1100","550","550"
"681","Free Thyroxine FT4 (CLIA)","200","100","100"
"682","Free Triiodothyronine FT3 (CLIA)","200","100","100"
"683","Frozen Tissue Biopsy","8500","4250","4250"
"684","Fructosamine","1500","750","750"
"685","Fructose (Semen)","200","100","100"
"686","Fsh - Follicle Stimulating Hormone, Serum","450","225","225"
"687","Fsh & Lh Stimulation By Gonadotropin Releasing Hormone (Gnrh)","5500","2750","2750"
"688","Fta - Abs Fluorescent Treponemal Antibody Absorption Test, Serum","2200","1100","1100"
"689","Fungus Culture","1250","625","625"
"690","Fungus Culture With Automated Identification & Antibiogram","1500","750","750"
"691","G6Pd (Glucose 6 Phosphate Dehydrogenase) - Qualitative","750","375","375"
"692","G6Pd (Glucose 6 Phosphate Dehydrogenase) - Quantitative","750","375","375"
"693","Gad-Glutamic Acid Decarboxylase","3250","1625","1625"
"694","Galactosemia Enzymes Assay","4000","2000","2000"
"695","Gallbladder Stone Analysis","1650","825","825"
"696","Gamma Glutamyl Transferase (Ggt), Serum","280","140","140"
"697","Garlic- Veg (EIA)","500","250","250"
"698","Gastric Juice Analysis","1750","875","875"
"699","Gastrin, Serum","2650","1325","1325"
"700","Gbm Antibody","2750","1375","1375"
"701","Gelatin","450","225","225"
"702","Gelatin- Drug (EIA)","500","250","250"
"703","Gene Expert For Covid 19","6000","3000","3000"
"704","Gene Xpert Plus","6600","3300","3300"
"705","Gene Xpert PLUS","7000","3500","3500"
"706","Gentamicin","450","225","225"
"707","Gentamicin- Drug (EIA)","500","250","250"
"708","German Cockroach- Inhalents (EIA)","500","250","250"
"709","Gfr-Glomerular Filteration Rate","900","450","450"
"710","Ghee (EIA)","500","250","250"
"711","Ginger- Veg (EIA)","500","250","250"
"712","Gliadin Antibody Iga","3300","1650","1650"
"713","Gliadin Antibody Igg","3300","1650","1650"
"714","Gliadin Antibody Igm","3300","1650","1650"
"715","Globulin(Serum)","300","150","150"
"716","Glucose (F)","60","30","30"
"717","Glucose (Pp)","60","30","30"
"718","Glucose - Ascitic Fluid","120","60","60"
"719","Glucose - Body Fluid","120","60","60"
"720","Glucose - Peritonial Fluid","120","60","60"
"721","Glucose - Synovial Fluid","120","60","60"
"722","Glucose ( 2 Hrs . Pp With 75 Grams Glucose )","250","125","125"
"723","Glucose ( Pleural Fluid )","120","60","60"
"724","Glucose ( Post Lunch )","60","30","30"
"725","Glucose ( Pre-Lunch )","60","30","30"
"726","Glucose (1 1/2 Hrs. Pp)","60","30","30"
"727","Glucose (2 Hrs. Pp)","60","30","30"
"728","Glucose (Post-Dinner)","60","30","30"
"729","Glucose (Pre-Dinner)","60","30","30"
"730","Glucose (Rbs)","60","30","30"
"731","Glucose -1 Hrs Pp","60","30","30"
"732","Gluten- Veg (EIA)","500","250","250"
"733","Glycosaminoglycan Urine","4750","2375","2375"
"734","Grams Stain","300","150","150"
"735","Grape Fruit- Veg (EIA)","500","250","250"
"736","Growth Hormone","1000","500","500"
"737","Gtt Extended 75Gms (3Hours)","350","175","175"
"738","Gtt With 75 Gm Of Glucose","350","175","175"
"739","Guinea Pig Epithelium- Inhalents (EIA)","500","250","250"
"740","Gullain - Barre Syndrome","4400","2200","2200"
"741","Gynace Oncology Test","5500","2750","2750"
"742","H.Pylori Iga- Elisa","2000","1000","1000"
"743","H.Pylori Igg-Elisa","2000","1000","1000"
"744","H.Pylori Igm-Elisa","2000","1000","1000"
"745","H.Pylori Stool Antigen","2000","1000","1000"
"746","Haemoglobin","120","60","60"
"747","Haemoglobin (Blood Bank)","280","140","140"
"748","Haemoglobin Electrophoresis","1400","700","700"
"749","Haemoglobin Electrophoresis By Hplc Method","1500","750","750"
"750","Haemoglobin-Free, Urine","350","175","175"
"751","Hams Test","750","375","375"
"752","Hand Swab Culture And Sensitivity","600","300","300"
"753","Hanging Drop For V.Cholerae, Stool","300","150","150"
"754","Hanta Virus","3250","1625","1625"
"755","Haptoglobin","2750","1375","1375"
"756","Hazel Nut (EIA)","500","250","250"
"757","Hba1C-Glycated Haemoglobin, Blood","350","175","175"
"758","Hbe Ag","1100","550","550"
"759","Hbeag Profile","3500","1750","1750"
"760","Hbsag ( Elisa )","600","300","300"
"761","Hbsag ( Immunochromatography )","400","200","200"
"762","Hc - Any 5 Markers","8000","4000","4000"
"763","Hcv ( Immuno Chromatography )","600","300","300"
"764","Hcv (Elisa)","1100","550","550"
"765","Hdl Cholesterol (Direct)","280","140","140"
"766","He4-(Human Epididymis Protein 4)","2200","1100","1100"
"767","Heat Coagulation Test - Urine","350","175","175"
"768","Heavy Metals Profile","4750","2375","2375"
"769","Hemophilia Panel (Aptt, Factor V111 And Factor 1X)","4750","2375","2375"
"770","Hepatitis E Virus - Igg (Hev Igg)","2000","1000","1000"
"771","Hepatitis E Virus - Igm ( Hev Igm )","2000","1000","1000"
"772","Hepatitis B Virus - Genotyping","7750","3875","3875"
"773","Hepatitis Delta Antibody (Anti-Hdv), Igm","3500","1750","1750"
"774","Hepatitis Panel","8000","4000","4000"
"775","Herpes Simples Virus 1 Igg","1000","500","500"
"776","Herpes Simplex Virus 1 Igm","1000","500","500"
"777","Herpes Simplex Virus 2 Igg","1000","500","500"
"778","Herpes Simplex Virus 2 Igm","1000","500","500"
"779","Hit Antibody (Heparin Induced Thrombocytopenia)","6500","3250","3250"
"780","Hiv 1 & 2 Immunochromatography","450","225","225"
"781","Hiv I & Ii - Elisa","600","300","300"
"782","Hiv I & Ii Western Blot","3500","1750","1750"
"783","Hla-Celiac Disease (Dqb1*02, 1*03, Dqa1*05;01)","6000","3000","3000"
"784","Homa - Ir (Homeostatic Model Assessment Of Insulin Resistance)","1250","625","625"
"785","Homocysteine , Serum","1700","850","850"
"786","Homocysteine Urine","1700","850","850"
"787","Homogentisic Acid ( Urine )","1800","900","900"
"788","Homovanilic Acid (Hva) - Urine","8000","4000","4000"
"789","Homovanilic Acid Spot","5000","2500","2500"
"790","Hormone Profile Female","2250","1125","1125"
"791","Hormone Profile Male","2750","1375","1375"
"792","House Dust- Inhalents (EIA)","500","250","250"
"793","House Fly (EIA)","500","250","250"
"794","House Mites- Inhalents (EIA)","500","250","250"
"795","Hpv(Human Papillomavirus) + Liquid Pap Smear (Lbc)","3500","1750","1750"
"796","HPV(Human Papillomavirus) + Liquid PAP smear (LBC)","3250","1625","1625"
"797","Hs Crp (Cardio Crp)","700","350","350"
"798","Hsv 1 & 2 Ig M Herpes Simplex Virus","1100","550","550"
"799","Hsv 1 & 2 Igg Herpes Simplex Virus","1100","550","550"
"800","Htlv 1 And 2 Virus Total Antibody","7000","3500","3500"
"801","Human Insulin- Drug (EIA)","500","250","250"
"802","Hypersensitive Pneumonitis Profile","16000","8000","8000"
"803","Hypersensitivity Pneumonitis (Hp) Panel","10500","5250","5250"
"804","Idp - Profile ( Guillian Barre Syndrome Profile )","4400","2200","2200"
"805","Ige-Total (Clia)","600","300","300"
"806","Igf Bp-3","7000","3500","3500"
"807","Igg 4 Serum Antibodies","4500","2250","2250"
"808","Igg Index ( Csf)","4750","2375","2375"
"809","Iglon 5 Antibodies","16000","8000","8000"
"810","Ihc - Ck 5 / 6","1650","825","825"
"811","Ihc - Pas Special Stain","650","325","325"
"812","IHC - 10 markers","15000","7500","7500"
"813","Ihc - 7 Markers","10000","5000","5000"
"814","Ihc - Afb Special Staining","650","325","325"
"815","Ihc - Any 2 Markers","3300","1650","1650"
"816","Ihc - Any 4 Markers","6200","3100","3100"
"817","Ihc - Any 6 Markers","9500","4750","4750"
"818","Ihc - Braf V600E","2200","1100","1100"
"819","Ihc - Congo Red Stain","650","325","325"
"820","Ihc - Egfr","1650","825","825"
"821","Ihc - Ema","1650","825","825"
"822","Ihc - Final Diagnostic Panel","13000","6500","6500"
"823","Ihc - Giemsa Stain","650","325","325"
"824","Ihc - Gomori'S (Or GÃ¶mÃ¶ri) Methenamine Silver Stain Or Gms Special Stain","650","325","325"
"825","Ihc - Grocott'S Methenamine Silver Stain (Gms)","650","325","325"
"826","Ihc - Her2U","2200","1100","1100"
"827","Ihc - Iron Stain","650","325","325"
"828","Ihc - Lapra Stain","650","325","325"
"829","Ihc - Mat Stain","650","325","325"
"830","Ihc - Microsatellite Instability Test","9500","4750","4750"
"831","Ihc - Non Hodgkin S Lymphoma Panel","10500","5250","5250"
"832","Ihc - P63","1650","825","825"
"833","Ihc - Pd 1","4200","2100","2100"
"834","Ihc - Pdl1","4600","2300","2300"
"835","Ihc - Ros","5000","2500","2500"
"836","Ihc - Saa","2750","1375","1375"
"837","Ihc - Special Stain","660","330","330"
"838","Ihc - Sv40","5000","2500","2500"
"839","Ihc - Toludin Blue Stain","660","330","330"
"840","Ihc - Ttf1","1650","825","825"
"841","Ihc - Vimentin","1650","825","825"
"842","Ihc Alk 1","1650","825","825"
"843","Ihc Calretinin","1650","825","825"
"844","Ihc Cd34","1650","825","825"
"845","Ihc Cea","1650","825","825"
"846","Ihc Chromogranin","1650","825","825"
"847","Ihc- Ck 7","1650","825","825"
"848","Ihc Ck5","1650","825","825"
"849","Ihc Ckit","9350","4675","4675"
"850","Ihc Cytokeratin - Pan Keratin","1650","825","825"
"851","Ihc Diagnostic Panel Unknow Promary Customised Panels Of Ab","9900","4950","4950"
"852","Ihc- Er, Pr, Her 2","5500","2750","2750"
"853","Ihc Igg4","5000","2500","2500"
"854","Ihc Ki - 67","1650","825","825"
"855","Ihc mlh 1","3000","1500","1500"
"856","Ihc msh 2","3000","1500","1500"
"857","Ihc msh 6","3000","1500","1500"
"858","Ihc Neuron Specific Enolase","1650","825","825"
"859","Ihc Plar 2","4400","2200","2200"
"860","Ihc pms2","3000","1500","1500"
"861","Ihc S100","1650","825","825"
"862","Ihc Soft Tissue Sacroma Diagnostic Panel","11000","5500","5500"
"863","Ihc Unlimited Markers","13200","6600","6600"
"864","Ihc-14 Markers","16500","8250","8250"
"865","Ihc-Afp","1650","825","825"
"866","Ihc-Any 3 Markers","4950","2475","2475"
"867","Ihc-Atrx","1650","825","825"
"868","Ihc-Bcl-2","1650","825","825"
"869","Ihc-Bcl-6","1650","825","825"
"870","Ihc-Berep4","1650","825","825"
"871","Ihc-Beta-Catenin","1650","825","825"
"872","Ihc-C4D","5000","2500","2500"
"873","Ihc-Calcitonin","1650","825","825"
"874","Ihc-Cd 20","1650","825","825"
"875","Ihc-Cd117","1650","825","825"
"876","Ihc-Diagnostic Panel","11000","5500","5500"
"877","Ihc-Er,Pr","3300","1650","1650"
"878","Ihc-Er,Pr,Her2,Ki67","6500","3250","3250"
"879","Ihc-Glioma Panel","10000","5000","5000"
"880","Ihc-Hepper1","1650","825","825"
"881","Ihc-Lca","1650","825","825"
"882","Ihc-Lymphoma Diagnostic Panel","11000","5500","5500"
"883","Ihc-Lymphoma Panel","11000","5500","5500"
"884","Ihc-Neuro Endocrine Markers","6500","3250","3250"
"885","Ihc-P16","4500","2250","2250"
"886","Ihc-Pck","1650","825","825"
"887","Ihc-Pdl-1 22 C3","11000","5500","5500"
"888","Ihc-Sall-4","1650","825","825"
"889","Ihc-Single Marker","1650","825","825"
"890","Ihc-Thyroglobulin","1650","825","825"
"891","Immature Platelet Fraction (Ipf)","400","200","200"
"892","Immuno Fixation Electrophoresis - Quantitative","7750","3875","3875"
"893","Immunofixation Electrophoresis - Urine","7750","3875","3875"
"894","Immunofixation Electrophoresis Qualitative","7000","3500","3500"
"895","Immunoflorescence (Renal Biopsy)","3250","1625","1625"
"896","Immunoflorescence (Skin Biopsy)","3250","1625","1625"
"897","Immunoflorescence With Light Microscopy(Renal Biopsy)","5500","2750","2750"
"898","Immunoflorescence With Light Microscopy(Skin Biopsy)","5500","2750","2750"
"899","Immunofluorescence With Light Microscopy - Liver","5500","2750","2750"
"900","Immunoglobulin A (Iga)","660","330","330"
"901","Immunoglobulin G (Igg)","660","330","330"
"902","Immunoglobulin M (Igm)","660","330","330"
"903","Immunoglobulin Profile","2000","1000","1000"
"904","Inborn Errors Of Metabolism Profile (Blood Spot)","6500","3250","3250"
"905","Inborn Errors Of Metabolism (Metabolic Screening - Urine)","7500","3750","3750"
"906","Indian Ink Stain","200","100","100"
"907","Infectious Mononucleosis","990","495","495"
"908","Inhalant Maxi Panel","12500","6250","6250"
"909","Inhalent Mini Profile (13 Allergen)","11000","5500","5500"
"910","Inhalent Rhinitis Profile (14 Allergen)","11000","5500","5500"
"911","Inhalents Allergy Panel (22) - (EIA)","6500","3250","3250"
"912","Inhibin A","1550","775","775"
"913","Inhibin B","2750","1375","1375"
"914","Insulin Antibody, Serum","3250","1625","1625"
"915","Insulin Link Growth Factor ( Igf1)","4250","2125","2125"
"916","Insulin Random","700","350","350"
"917","Insulin-Fasting, Serum","650","325","325"
"918","Insulin-Post Prandial, Serum","650","325","325"
"919","Inter Leukin 6","3250","1625","1625"
"920","Ionised Calcium, Serum","750","375","375"
"921","Iron - Serum","500","250","250"
"922","Iron Deficiency Profile","1900","950","950"
"923","Iron Profile Maxi","2250","1125","1125"
"924","Iron Profile Mini","1100","550","550"
"925","Islet Cell Antibody","3250","1625","1625"
"926","Japanese Encephalitis Virus Antibody Igm","3500","1750","1750"
"927","Jute- Inhalents (EIA)","500","250","250"
"928","Kefir (EIA)","500","250","250"
"929","Ketone (Serum)","1000","500","500"
"930","Kiwi- Non Veg (EIA)","500","250","250"
"931","Lactate","1100","550","550"
"932","Lactate - Csf","1100","550","550"
"933","Lactate Pyruvate Ratio","2750","1375","1375"
"934","Lamb'S Quarters (EIA)","500","250","250"
"935","Lamotrigine","6200","3100","3100"
"936","Lap Score (Leucocyte Alkaline Phosphatase)","1980","990","990"
"937","Lc1 ( Liver Cytosol Antibody )","5000","2500","2500"
"938","Ldh - Ascitic Fluid","440","220","220"
"939","Ldh - Body Fluid","550","275","275"
"940","Ldh - Csf","550","275","275"
"941","Ldh - Peritonial Fluid","550","275","275"
"942","Ldh - Synovial Fluid","550","275","275"
"943","Ldh ( Pleural Fluid )","550","275","275"
"944","Ldh-Lactate Dehydrogenase, Serum","550","275","275"
"945","Ldl Cholesterol","500","250","250"
"946","Le Cell Detection, Blood","400","200","200"
"947","Lead, Blood","2250","1125","1125"
"948","Lead, Urine Spot","2250","1125","1125"
"949","Lemon- Veg (EIA)","500","250","250"
"950","Lentil (Toor Dal)- Veg (EIA)","500","250","250"
"951","Leptin - Serum","6000","3000","3000"
"952","Leptin, Serum","5500","2750","2750"
"953","Lepto Spira Igg ( Elisa )","1250","625","625"
"954","Lepto Spira Igm ( Elisa )","1250","625","625"
"955","Leptospira Igg ( Immunochromatography )","1100","550","550"
"956","Lettuce (EIA)","500","250","250"
"957","Leukernia Diagnostic Panel (Cll)","14000","7000","7000"
"958","Levetiracetam, Serum","7250","3625","3625"
"959","Levofloxacin (EIA)","500","250","250"
"960","Lh Fsh Prolactine","1100","550","550"
"961","LH, FSH, PROLACTIN (CLIA)","1100","550","550"
"962","Lh/Fsh Ratio","1000","500","500"
"963","Lh-Luteinizing Hormone, Serum","450","225","225"
"964","Light Microscopy - Liver","3750","1875","1875"
"965","Light Microscopy(Renal Biopsy)","3750","1875","1875"
"966","Light Microscopy(Skin Biopsy)","3750","1875","1875"
"967","Lipase - Ascitic Fluid","1100","550","550"
"968","Lipase - Peritonial Fluid","1100","550","550"
"969","Lipase, Serum","1100","550","550"
"970","Lipid Profile","550","275","275"
"971","Lipoprotein A (Lp-A)","1300","650","650"
"972","Lipoprotein Electrophoresis","4000","2000","2000"
"973","Liquid Pap Smear (By Liquid Based Cytology)","900","450","450"
"974","Lithium-Serum","1100","550","550"
"975","Liver Function Test","550","275","275"
"976","Liver/Kidney Microsomal Antibody (Lkm-1)","2200","1100","1100"
"977","Lobstar- Non Veg (EIA)","500","250","250"
"978","Lupus Anti Coagulants","2000","1000","1000"
"979","Lupus Anticoagulant ( Cl)","2000","1000","1000"
"980","Luteinizing hormone LH (CLIA)","450","225","225"
"981","Lyme Borrelia Burgdorferi Igg Ab","3000","1500","1500"
"982","Lyme Borrelia Burgdorferi Igg By Eia","8000","4000","4000"
"983","Lyme Borrelia Burgdorferi Igm Ab","3000","1500","1500"
"984","Lyme Borrelia Burgdorferi Igm By Eia","8000","4000","4000"
"985","Lysozyme Muramidase","12000","6000","6000"
"986","Magnesium ( 24 Hrs Urine )","650","325","325"
"987","Magnesium ( Spot Urine )","550","275","275"
"988","Magnesium (Serum)","550","275","275"
"989","Maize (EIA)","500","250","250"
"990","Malaria Antigen","1750","875","875"
"991","Male Hormone Profile","6000","3000","3000"
"992","Manganese. Serum","3750","1875","1875"
"993","Mango (EIA)","500","250","250"
"994","Mantoux","150","75","75"
"995","Mcv","220","110","110"
"996","Meadow Fescue- Inhalents (EIA)","500","250","250"
"997","Measles Igg Ab","2100","1050","1050"
"998","Measles Igm Ab","2100","1050","1050"
"999","Melon (EIA)","500","250","250"
"1000","Mercury Serum","5000","2500","2500"
"1001","Mercury Urine","5000","2500","2500"
"1002","Meta Chromatic Granules ( Blood )","400","200","200"
"1003","Meta Chromatic Granules ( Urine )","400","200","200"
"1004","Metaboiic Screening Hplc-Urine","6500","3250","3250"
"1005","Metabolic Profile","2750","1375","1375"
"1006","Metamizole- Drug (EIA)","500","250","250"
"1007","Metanephrines ( Plasma )","4200","2100","2100"
"1008","Meth-Haemoglobin, Blood","2000","1000","1000"
"1009","Methionine,Plasma","9000","4500","4500"
"1010","Methotrexate","4200","2100","2100"
"1011","Methylmalonic Acid Qualitative","3000","1500","1500"
"1012","Methylmalonic Acid Quantitative","3500","1750","1750"
"1013","Mf - Qbc","400","200","200"
"1014","Microalbumin - Spot","550","275","275"
"1015","Microalbuminuria, 24 Hrs Urine","600","300","300"
"1016","Microfilaria Antibody","1600","800","800"
"1017","Microfilaria Antigen","1600","800","800"
"1018","Milk Powder (EIA)","500","250","250"
"1019","Mini Fertility Profile","1300","650","650"
"1020","Minimal Fetal Autopsy","3750","1875","1875"
"1021","Moong Dal (EIA)","500","250","250"
"1022","Mosquito- Inhalents (EIA)","500","250","250"
"1023","Mp - Qbc","400","200","200"
"1024","Msud-Maple Syrup Urine Disorder Neonatal Screen","1250","625","625"
"1025","Mucopolysaccharidosis (Qualitative Urine)","1300","650","650"
"1026","Mucor Racemosus (EIA)","500","250","250"
"1027","Mugwort ( Artemisia Vulgaris )- Inhalents (EIA)","500","250","250"
"1028","Multiple Myeloma Advance Maxi Panel","8000","4000","4000"
"1029","Mumps Igg Ab","2000","1000","1000"
"1030","Mumps Igm Ab","2000","1000","1000"
"1031","Mushroom ( Champignons )- Veg (EIA)","500","250","250"
"1032","Musk Antibody","5500","2750","2750"
"1033","Mustard- Veg (EIA)","500","250","250"
"1034","Mutton- Non Veg (EIA)","500","250","250"
"1035","Mx Pcr Fever Profile Maxi","4750","2375","2375"
"1036","Mx PCR Fever profile Maxi","4500","2250","2250"
"1037","Mx Pcr Fever Profile Mini","4200","2100","2100"
"1038","Mx PCR Fever profile MINI","4500","2250","2250"
"1039","Mx Pcr Fever Profile With Covid","5500","2750","2750"
"1040","Mx-Pcr Fever Profile","4750","2375","2375"
"1041","Myasthenia Gravis","12500","6250","6250"
"1042","Mycoplasma Pneumoniae Igg Antibody","3300","1650","1650"
"1043","Mycoplasma Pneumoniae Igm Antibody","3300","1650","1650"
"1044","Myeloma Panel Test","2300","1150","1150"
"1045","Myoglobin - Serum","1600","800","800"
"1046","Myoglobin - Urine","1600","800","800"
"1047","Myositis Profile, Serum(Immunoblot 12 Antigens)","11000","5500","5500"
"1048","Myositis Profile Extended Igg 16 Antigens","17000","8500","8500"
"1049","Nasal Fluid - Sugar","120","60","60"
"1050","Nasal Fluid - Cell Count","280","140","140"
"1051","Nasal Fluid - Protein","280","140","140"
"1052","Nasal Stone Analysis (Rhinolith)","1600","800","800"
"1053","Nasal Swab Culture & Sensitivity","600","300","300"
"1054","Nbs 181 Parameters","8500","4250","4250"
"1055","Nbs Inborn Metabolic Disorders (Imd) Panel (Gc-Ms)","6500","3250","3250"
"1056","Nbs Inborn Metabolic Disorders (Imd) Panel Lcms","6500","3250","3250"
"1057","Neonatal 17-Oh Progesterone","550","275","275"
"1058","Neonatal Cystic Fibrosis","900","450","450"
"1059","Neonatal G6Pd","550","275","275"
"1060","Neonatal Phenyl Ketonuria(Pku)","550","275","275"
"1061","Neonatal Screening 3 Parameter With 17 Oh","1250","625","625"
"1062","Neonatal Screening 3 Parameter With Cystic Fibrosis","1600","800","800"
"1063","Neonatal Total Galactose","550","275","275"
"1064","Neonatal Tsh Screening","550","275","275"
"1065","Neuro Maxi Package","16500","8250","8250"
"1066","Neuron Specific Enolase (Nse)","4750","2375","2375"
"1067","New Born 7 Parameters Screening","2750","1375","1375"
"1068","Newborn Screening 3 Parameters","1100","550","550"
"1069","Ngal (Neutrophil Gelatinase Associated Lipocalin), Urine","9500","4750","4750"
"1070","Nhl Ihc Unlimited Markers","13500","6750","6750"
"1071","Nickel","3750","1875","1875"
"1072","Nicotine Metabolite Serum","2500","1250","1250"
"1073","Nipple Discharge Fnac Single Slide","500","250","250"
"1074","Nipple Discharge Fnac Two Slides","700","350","350"
"1075","Nipple Discharge Left","600","300","300"
"1076","Nipple Discharge Right","600","300","300"
"1077","Nmda Receptor Antibody","8500","4250","4250"
"1078","Nocardia Stain(Kinyoun)","500","250","250"
"1079","Non Veg Allergy Panel (14) - (EIA)","4250","2125","2125"
"1080","Nor Epinephrine - 24Hrs Urine","4600","2300","2300"
"1081","Nor Epinephrine Plasma","5000","2500","2500"
"1082","Norfloxacin- Drug (EIA)","500","250","250"
"1083","Normetanephrine Edta Plasma","4200","2100","2100"
"1084","Norvo Virus Stool Antigen","2500","1250","1250"
"1085","Nt - Pro Bnp ( N-Terminal Natriuretic Peptide)","2750","1375","1375"
"1086","Ntx (Collagen Cross-Linked N- Telopeptide), Urine","5500","2750","2750"
"1087","Nutmeg (EIA)","500","250","250"
"1088","Oat (EIA)","500","250","250"
"1089","Occult Blood Test, Stool","300","150","150"
"1090","Occult Blood Test, Urine","280","140","140"
"1091","Ofloxacin (EIA)","500","250","250"
"1092","Og Antenatal Profile","3500","1750","1750"
"1093","Og Bad Obstertric History","4250","2125","2125"
"1094","Og Fertility Profile Female","2200","1100","1100"
"1095","Og Fertility Profile-Male","2200","1100","1100"
"1096","Og New Born Screening (5 Parameter)","2000","1000","1000"
"1097","Og Pcod Profile","2000","1000","1000"
"1098","Ogtt With 100 Gms 3 Hrs.","400","200","200"
"1099","Oligo Bands For Multiple Sclerosis In Csf","4250","2125","2125"
"1100","Olive Tree (EIA)","500","250","250"
"1101","Olives (EIA)","500","250","250"
"1102","Onion- Veg (EIA)","500","250","250"
"1103","Opiates(Morphine) - Urine","350","175","175"
"1104","Oppertunity Infectious Panel","6500","3250","3250"
"1105","Oral Glucose Challenging Test (Ogct)","200","100","100"
"1106","Orange (EIA)","500","250","250"
"1107","Organic Acid Qualitative Urine Spot","6500","3250","3250"
"1108","Organisms Automated Identification","1000","500","500"
"1109","Osmolality - Serum","1000","500","500"
"1110","Osmolality - Urine","1000","500","500"
"1111","Osmolality ( Amniotic Fluid)","1000","500","500"
"1112","Osmotic Fragillity Test","1200","600","600"
"1113","Osteocalcin Bgp - Bone Gla Protein, Serum","4600","2300","2300"
"1114","Ovarian Antibody ( Aoa)","5200","2600","2600"
"1115","Oxalate - 24 Hrs. Urine","2200","1100","1100"
"1116","Oxalate Creatinine Ratio","2500","1250","1250"
"1117","Oxcarbazepine, Serum","7000","3500","3500"
"1118","P Anca","1700","850","850"
"1119","P Anca - I F Method","3250","1625","1625"
"1120","Pandy Test","250","125","125"
"1121","Pap Smear","400","200","200"
"1122","Pappa A","1250","625","625"
"1123","Paracetamol Acetaminophen Serum","2500","1250","1250"
"1124","Paracetamol- Drug (EIA)","500","250","250"
"1125","Paraneoplastic Syndrome Profile","5750","2875","2875"
"1126","Parietal Cell Antibody","3250","1625","1625"
"1127","Partial Thromboplastin Time Ptt","350","175","175"
"1128","Partial Thromboplastin Time Ptt ( Hemostar 4 Ca)","400","200","200"
"1129","Parvovirus B19 Antibody Igg","4000","2000","2000"
"1130","Parvovirus B19 Antibody Igm","4000","2000","2000"
"1131","Paul Bunnell","900","450","450"
"1132","Pcod Plus","3000","1500","1500"
"1133","Pcod Profile","2750","1375","1375"
"1134","Pcos Profile","3250","1625","1625"
"1135","Pcp Pneumonia","650","325","325"
"1136","Pcv (Blood Bank)","250","125","125"
"1137","Pcv- (Haematocrit)","250","125","125"
"1138","Pea- Veg (EIA)","500","250","250"
"1139","Peach (EIA)","500","250","250"
"1140","Peanut- Veg (EIA)","500","250","250"
"1141","Pear (EIA)","500","250","250"
"1142","Penicillium Notatum- Inhalents (EIA)","500","250","250"
"1143","Penicilum G- Drug (EIA)","500","250","250"
"1144","Penicilum V- Drug (EIA)","500","250","250"
"1145","Penta Screening","5000","2500","2500"
"1146","Pericortial Fluid Analysis","1200","600","600"
"1147","Peripheral Smear Examination","300","150","150"
"1148","Peripheral Smear Examination With Imaging (Madurai)","350","175","175"
"1149","Peritonial Fluid Analysis","1200","600","600"
"1150","Pfa Serum (Hit Antibody Heparin Included Thrombocytopenia)","7000","3500","3500"
"1151","Ph ( Blood Bank)","150","75","75"
"1152","Phadiatop","2500","1250","1250"
"1153","Phadiatop (Infant/ Paediatric)","2500","1250","1250"
"1154","Ph-Body Fluid","150","75","75"
"1155","Phenacetin (EIA)","500","250","250"
"1156","Phenylketonurea ( Urine Spot - Qualitative)","1600","800","800"
"1157","Phosphatidylserine Antibodies Panel Igg & Igm","5000","2500","2500"
"1158","Phospholipase A2 Receptor Antibody (Pla2R) Quantitative","6000","3000","3000"
"1159","Phosphorus ( Spot )","250","125","125"
"1160","Phosphorus - 24 Hrs Urine","450","225","225"
"1161","Phosphorus (Amniotic Fluid)","280","140","140"
"1162","Phosphorus (Serum)","250","125","125"
"1163","Pineapple- Veg (EIA)","500","250","250"
"1164","Pituitary Hormones Profile","9000","4500","4500"
"1165","Platelet Count","220","110","110"
"1166","Platelet Count ( Blood Bank)","300","150","150"
"1167","Pleural Fluid Analysis Basic","1000","500","500"
"1168","Pleural Fluid Analysis Complete","1200","600","600"
"1169","Plgf (Placental Growth Factor)","2700","1350","1350"
"1170","Pneumocystis Jiroveci For Smear","500","250","250"
"1171","Poppy Seed (EIA)","500","250","250"
"1172","Pork- Non Veg (EIA)","500","250","250"
"1173","Post Ejaculation Urinalysis (Peu)","500","250","250"
"1174","Potassium ( Fluid)","280","140","140"
"1175","Potassium (Amniotic Fluid)","280","140","140"
"1176","Potassium, Serum","280","140","140"
"1177","Potassium, Urine 24H","450","225","225"
"1178","Potassium, Urine Spot","350","175","175"
"1179","Potato (EIA)","500","250","250"
"1180","Pregnancy Oral Glucose 100Gms","350","175","175"
"1181","Procalcitonin, Serum","3000","1500","1500"
"1182","Progesterone","550","275","275"
"1183","Progesterone (Animal)","550","275","275"
"1184","Progesterone P4 (Clia)","550","275","275"
"1185","Prolactin PRL (CLIA)","450","225","225"
"1186","Prolactin, Active & Macroprolactin Serum","1600","800","800"
"1187","Prolactin, Serum","450","225","225"
"1188","Prostatic Cancer Marker","2200","1100","1100"
"1189","Protein - 24 Hrs. Urine","450","225","225"
"1190","Protein - Ascitic Fluid","280","140","140"
"1191","Protein - Body Fluid","280","140","140"
"1192","Protein - Peritonial Fluid","280","140","140"
"1193","Protein - Synovial Fluid","280","140","140"
"1194","Protein ( Pleural Fluid )","280","140","140"
"1195","Protein ( Spot Urine )","280","140","140"
"1196","Protein A/G Ratio","450","225","225"
"1197","Protein C(Citrated Plasma)","3300","1650","1650"
"1198","Protein Electrophoresis - Serum","1400","700","700"
"1199","Protein Electrophoresis - Urine","1100","550","550"
"1200","Protein S ( Citrated Plasma )","3300","1650","1650"
"1201","Protein S Activity, Plasma","5200","2600","2600"
"1202","Prothrombin Time","300","150","150"
"1203","Prothrombin Time ( Hemostar 4 Ca)","350","175","175"
"1204","Prothrombin Time (Pt) Blood Bank","350","175","175"
"1205","Psa - Immunohistochemistry","1650","825","825"
"1206","Psa Profile(Free + Total)","1250","625","625"
"1207","Psa-Prostate Specific Antigen- Total, Serum","650","325","325"
"1208","Psuedo Cholinesterase","1500","750","750"
"1209","Pth-Para Thyroid Hormone (Intact Molecule), Serum","1600","800","800"
"1210","Ptt & Mixing Studies - Plasma","450","225","225"
"1211","Pumkin- Veg (EIA)","500","250","250"
"1212","Pus Culture & Sensitivity","600","300","300"
"1213","Pus Culture With Automated Identification & Antibiogram","850","425","425"
"1214","Pyrozolone- Drug (EIA)","500","250","250"
"1215","Pyruvate","1700","850","850"
"1216","Quadruple marker (Prisca)","3500","1750","1750"
"1217","Quadruple Screening","2850","1425","1425"
"1218","Quadruple Screening with Scan","3500","1750","1750"
"1219","R V V T (Russel Viper Venom Test)","1500","750","750"
"1220","Rabbit Meat- Non Veg (EIA)","500","250","250"
"1221","Rabies Virus Antibodies Total Antibody","5500","2750","2750"
"1222","Rajma Dal- Veg (EIA)","500","250","250"
"1223","Ratio Aldosterone Renin","4250","2125","2125"
"1224","Rbc Count","180","90","90"
"1225","Rbc Count ( Blood Bank)","180","90","90"
"1226","Rbc Folate","3100","1550","1550"
"1227","Recurrent Pregnancy Loss Work Up (Biochemical Panel)","11000","5500","5500"
"1228","Reducing Substance - Urine","200","100","100"
"1229","Reducing Substances - Stool","200","100","100"
"1230","Reed Common (EIA)","500","250","250"
"1231","Renal Function Test Mini","550","275","275"
"1232","Renal Function Test Profile","1200","600","600"
"1233","Renal Stone Analysis","1600","800","800"
"1234","Renin (Plasma)","2600","1300","1300"
"1235","Renin Activity (Plasma )","7000","3500","3500"
"1236","Reticulocyte Count","400","200","200"
"1237","Rh Antibody Titre","750","375","375"
"1238","Rheumatoid Arthritis Profile","2750","1375","1375"
"1239","Rheumatoid Factor","550","275","275"
"1240","Rice (EIA)","500","250","250"
"1241","Roma (Ca 125 + He4)","2400","1200","1200"
"1242","Root Canal Swab For Culture And Sensitivity","850","425","425"
"1243","Rough Pigweed (EIA)","500","250","250"
"1244","Rpr - Vdrl","350","175","175"
"1245","Rubella Igg - Avidity Test","3100","1550","1550"
"1246","Rubella Igg ( Elisa )","700","350","350"
"1247","Rubella Igm","700","350","350"
"1248","Rye (EIA)","500","250","250"
"1249","Rye Grass (EIA)","500","250","250"
"1250","S - 100","1600","800","800"
"1251","S.Phenytoin","1100","550","550"
"1252","Saa-Serum Amyloid A Protein","6000","3000","3000"
"1253","Salivary Calculium","1500","750","750"
"1254","Salmon (EIA)","500","250","250"
"1255","Sap Iso Enzymes-1 (Alkaline Phosphatase Isoenzymes Electrophoresis - Serum)","7500","3750","3750"
"1256","Screening For Inborn Errors Of Metabolism (Plsma)","7000","3500","3500"
"1257","Scrub Typhus Ig M","1700","850","850"
"1258","Semen Analysis (Processed In Rot)","350","175","175"
"1259","Semen Analysis - Automated (Processed In Chennai)","1100","550","550"
"1260","Semen Culture","650","325","325"
"1261","Serology (Hiv/Hbsag/Hcv)","2300","1150","1150"
"1262","Serum Anti Endomysial Igg Igm Iga","6000","3000","3000"
"1263","Serum Ascites Albumin Gradient (Saag)","1100","550","550"
"1264","Serum Erythropoietin Assay","2750","1375","1375"
"1265","Serum Oxalate Level","2750","1375","1375"
"1266","Serum Phenobarbitone Level","1750","875","875"
"1267","Serum Selenium","4500","2250","2250"
"1268","Sex Hormone Binding Globulin","2500","1250","1250"
"1269","Sflt -Soluble Fms -Like Tyrosine Kinase-1","5600","2800","2800"
"1270","Sflt-1 / Pigf Ratio.","8000","4000","4000"
"1271","Sgot (Ast), Serum","180","90","90"
"1272","Sgpt (Alt), Serum","180","90","90"
"1273","Sheepwool- Inhalents (EIA)","500","250","250"
"1274","Sickling Test","400","200","200"
"1275","Silk (EIA)","500","250","250"
"1276","Silver Birch ( Betula Verrucosa )- Inhalents (EIA)","500","250","250"
"1277","Sle (Systemic Lupus Erythematosus) Profile","5000","2500","2500"
"1278","Slide / Block For Opinion","850","425","425"
"1279","Slides & Blocks For Review 6 To 10 Nos","2000","1000","1000"
"1280","Slides & Blocks For Review More Than 10 Nos","3000","1500","1500"
"1281","Slides & Blocks For Review Upto 5 Nos","900","450","450"
"1282","Slides For Review 6 To 10 Slides","1350","675","675"
"1283","Slides For Review More Than 10 Slides","3000","1500","1500"
"1284","Slides For Review Upto 5 Slides","900","450","450"
"1285","Slite Skin Smear For Leprabacilli","900","450","450"
"1286","Smear For Fungus","400","200","200"
"1287","Smear For Mf","400","200","200"
"1288","Smear For Mp","400","200","200"
"1289","Smear For Parasite ( Buffy Coat Of Wucherria Ban Crofti)","600","300","300"
"1290","Smoke (EIA)","500","250","250"
"1291","Sodium ( 24 Hrs Urine )","440","220","220"
"1292","Sodium ( Spot Urine )","220","110","110"
"1293","Sodium (Amniotic Fluid)","280","140","140"
"1294","Sodium (Fluid)","280","140","140"
"1295","Sodium , Serum","220","110","110"
"1296","Soluble Transferrin Receptor (Stfr)","2500","1250","1250"
"1297","Soy Bean- Veg (EIA)","500","250","250"
"1298","Special Stain","650","325","325"
"1299","Special Stain Biopsy","650","325","325"
"1300","Specific Gravity - Urine","170","85","85"
"1301","Specific Gravity Fluid","170","85","85"
"1302","Spinach (EIA)","500","250","250"
"1303","Sputum Culture & Sensitivity","600","300","300"
"1304","Sputum For Cytology","800","400","400"
"1305","Sputum For Eosinophilis","350","175","175"
"1306","Squash Cytology Large","2200","1100","1100"
"1307","Squash Cytology Small","1700","850","850"
"1308","Ssa - Ro ( Soluble Substance A Antibody, Serum )","2000","1000","1000"
"1309","Ssb - La ( Soluble Substance B Antibody, Serum )","2000","1000","1000"
"1310","Staining For Pcp","650","325","325"
"1311","Staining Pas","650","325","325"
"1312","Stent - Culture & Sensitivity with MIC","1000","500","500"
"1313","Stone Analysis - Vesical Calculus","1650","825","825"
"1314","Stone Analysis - Renal (Automated)","2500","1250","1250"
"1315","Stone Screening Profile 1","2500","1250","1250"
"1316","Stool - Culture","600","300","300"
"1317","Stool Culture With Automated Identification & Antibiogram","850","425","425"
"1318","Stool For Clostriduom Difficile Toxin","2750","1375","1375"
"1319","Stool For Cryptosporidium","170","85","85"
"1320","Stool For Enterohmorrhagic E.Coli","3250","1625","1625"
"1321","Stool Routine","200","100","100"
"1322","Straw Dust (EIA)","500","250","250"
"1323","Strawberry- Veg (EIA)","500","250","250"
"1324","Strepromycin- Drug (EIA)","500","250","250"
"1325","Stroke Package - Maxi","16500","8250","8250"
"1326","Stroke Package Mini","9500","4750","4750"
"1327","Succinylcholine (EIA)","500","250","250"
"1328","Sucroselysis Test (Serum & Blood )","1650","825","825"
"1329","Sudan Ii For Fat","330","165","165"
"1330","Sulpha (EIA)","2200","1100","1100"
"1331","Suputum Culture With Automated Identification & Antibiogram","850","425","425"
"1332","Surveillance Settle Plate - Open Plate Test","550","275","275"
"1333","Surveillance Swabs Aerobic - (1 Sample)","300","150","150"
"1334","Surveillance Swabs Aerobic - (2 Samples)","600","300","300"
"1335","Surveillance Swabs Aerobic - (3 Samples)","900","450","450"
"1336","Surveillance Swabs Aerobic - (4 Samples)","1200","600","600"
"1337","Surveillance Swabs Aerobic - 1 (5 Samples)","1500","750","750"
"1338","Surveillance Swabs Aerobic - 2 ( 10 Sample)","3000","1500","1500"
"1339","Surveillance Swabs Anaerobic - ( 1 Sample)","300","150","150"
"1340","Surveillance Swabs Anaerobic - ( 2 Sample)","600","300","300"
"1341","Surveillance Swabs Anaerobic - ( 3 Sample)","900","450","450"
"1342","Surveillance Swabs Anaerobic - ( 4 Sample)","1200","600","600"
"1343","Surveillance Swabs Anaerobic - 1( 5 Samples)","1500","750","750"
"1344","Surveillance Swabs Anaerobic - 2 ( 10 Sample)","4000","2000","2000"
"1345","Swab Cath Lab","550","275","275"
"1346","Swab Cssd","550","275","275"
"1347","Swab Dialysis Unit","550","275","275"
"1348","Swab Dressing Room","550","275","275"
"1349","Swab Embryology Operation Theatre","550","275","275"
"1350","Swab Emergency Room","550","275","275"
"1351","Swab Endoscopy Room","550","275","275"
"1352","Swab Eye Operation Theatre","550","275","275"
"1353","Swab General Ward","550","275","275"
"1354","Swab Icu","550","275","275"
"1355","Swab Ivf Operation Theatre","550","275","275"
"1356","Swab Labour Ward","550","275","275"
"1357","Swab Lasik Operation Theatre","550","275","275"
"1358","Swab Main Operation Theatre","550","275","275"
"1359","Swab Major Operation Theatre","550","275","275"
"1360","Swab Micu","550","275","275"
"1361","Swab Minor Operation Theatre","550","275","275"
"1362","Swab Nicu","550","275","275"
"1363","Swab Operation Theatre","550","275","275"
"1364","Swab Ortho Operation Theatre","550","275","275"
"1365","Swab Pediatric Ward","550","275","275"
"1366","Swab Post Operative Ward","550","275","275"
"1367","Swab Post Operative Ward 1","550","275","275"
"1368","Swab Post Operative Ward 2","550","275","275"
"1369","Swab Retina Operation Theatre","550","275","275"
"1370","Swab Semi Icu","550","275","275"
"1371","Synovial / Joint Fluid Analysis And Cytology","880","440","440"
"1372","Synovial / Joint Fluid Cytology (Pus)","880","440","440"
"1373","Synovial Fluid By Polarizing Microscopy","2000","1000","1000"
"1374","Synovial Fluid For Crystals","300","150","150"
"1375","Tacrolimus Blood Level","5000","2500","2500"
"1376","Tb Quantiferon Gold","2750","1375","1375"
"1377","Tea (EIA)","500","250","250"
"1378","Testosterone ( Animal )","600","300","300"
"1379","Testosterone (Total), Serum","660","330","330"
"1380","Testosterone Lh Ratio For (Animal)","1100","550","550"
"1381","Testosterone Total (Clia)","600","300","300"
"1382","Tetanus Toxoid (EIA)","500","250","250"
"1383","Tetracycline (EIA)","500","250","250"
"1384","Tetrazine (EIA)","500","250","250"
"1385","Tgl - Ascitic Fluid","450","225","225"
"1386","Thallium","4500","2250","2250"
"1387","Theophyline","2500","1250","1250"
"1388","Throat Swab Culture & Sensitivity","600","300","300"
"1389","Throat Swab Culture With Automated Identification & Antibiogram","900","450","450"
"1390","Thrombin Time ( Tt)","1100","550","550"
"1391","Thrombocheck Total","22500","11250","11250"
"1392","Thrombophilia Package","18000","9000","9000"
"1393","Thrombophilia Profile (Kle)","16000","8000","8000"
"1394","Thrombopillia Comprehensive Profile","17500","8750","8750"
"1395","Thrombopillia Profile (Ngl)","15000","7500","7500"
"1396","Thyroglobulin, Serum","1100","550","550"
"1397","Thyroid Antibodies-Atab","1600","800","800"
"1398","Thyroid Function Test - Free","450","225","225"
"1399","Thyroid Function Test - Total","350","175","175"
"1400","Thyroid Peroxidase Antibody (Tpo)","1100","550","550"
"1401","Thyroid Profile","700","350","350"
"1402","Thyroid stimulating hormone TSH (CLIA)","170","85","85"
"1403","Thyroxine Binding Globulin,Serum","7500","3750","3750"
"1404","Thyroxine T4(CLIA)","170","85","85"
"1405","Tibc- Iron Binding Capacity-Total , Serum","450","225","225"
"1406","Timothy - Inhalents (EIA)","500","250","250"
"1407","Tissue Transglutaminase (Ttg) Antibody-Iga,Serum","2200","1100","1100"
"1408","Tissue Transglutaminase Igg Antibody","1500","750","750"
"1409","Tissue Transglutaminase Igm Antibody","1500","750","750"
"1410","Tomato (EIA)","500","250","250"
"1411","Torch Igg","1500","750","750"
"1412","Torch Igm","1500","750","750"
"1413","Torch Panel","3000","1500","1500"
"1414","Total Cholesterol","200","100","100"
"1415","Total Ige, Serum","550","275","275"
"1416","Total Lipids","550","275","275"
"1417","Total Protein (Serum)","220","110","110"
"1418","Total T3","180","90","90"
"1419","Total T4","180","90","90"
"1420","Total Wbc Count (Tc )","200","100","100"
"1421","Toxoplasma Avidity","2000","1000","1000"
"1422","Toxoplasma-Igg, Serum","700","350","350"
"1423","Toxoplasma-Igm, Serum","700","350","350"
"1424","Transferrin","1000","500","500"
"1425","Transferrin Saturation","1000","500","500"
"1426","Trans-Tubular Potassium Gradient ( Ttkg )","2000","1000","1000"
"1427","Treponema Pallidum Antibody","750","375","375"
"1428","Trichophyton Rubrum","450","225","225"
"1429","Trichophyton Rubrum- Drug (EIA)","500","250","250"
"1430","Tricyclic Antidepressants Drug (Tca) Qualitative, Urine","1350","675","675"
"1431","Triglycerides","200","100","100"
"1432","Triglycerides - Body Fluid","250","125","125"
"1433","Triiodothyronine T3(CLIA)","170","85","85"
"1434","Trimethoprim- Drug (EIA)","500","250","250"
"1435","Triple marker (Prisca)","2500","1250","1250"
"1436","Triple Screening","2000","1000","1000"
"1437","Triple Screening with scan","3250","1625","1625"
"1438","Troponin - T ( Quantitative )","2000","1000","1000"
"1439","Troponin I - High sensitive","2800","1400","1400"
"1440","Troponin I Quantitative","2000","1000","1000"
"1441","Troponin I Qualitative","1250","625","625"
"1442","Troponin T (Card)","1300","650","650"
"1443","Tsh","180","90","90"
"1444","Tsh - Receptor Antibody","4500","2250","2250"
"1445","Tube Test Widal","400","200","200"
"1446","Tumor Marker - Female","5600","2800","2800"
"1447","Tumor Marker - Male","4200","2100","2100"
"1448","Tumour Necrosis Factor (Tnf) - Alpha","5250","2625","2625"
"1449","Tuna- Non Veg (EIA)","500","250","250"
"1450","Turkey- Non Veg (EIA)","500","250","250"
"1451","Tv / Moniliasis","350","175","175"
"1452","Typhi Dot Igg","750","375","375"
"1453","Typhi Dot Igm, Serum","750","375","375"
"1454","U1Rnp (Mixed Connective Tissue)","2250","1125","1125"
"1455","Uibc, Serum","180","90","90"
"1456","Up To 5 - Slide And Block Issue","550","275","275"
"1457","Urad Dal (EIA)","500","250","250"
"1458","Urea - 24 Hrs Urine","350","175","175"
"1459","Urea - Ascitic Fluid","280","140","140"
"1460","Urea - Body Fluid","280","140","140"
"1461","Urea ( Spot Urine )","180","90","90"
"1462","Urea (Amniotic Fluid)","280","140","140"
"1463","Uric Acid - 24 Hrs Urine","350","175","175"
"1464","Uric Acid (Amniotic Fluid)","280","140","140"
"1465","Uric Acid, Serum","280","140","140"
"1466","Uric Acid-Spot Urine","220","110","110"
"1467","Urine Analysis - Complete","170","85","85"
"1468","Urine Culture & Sensitivity","550","275","275"
"1469","Urine Culture With Automated Identification & Antibiogram","850","425","425"
"1470","Urine Drug Of Abuse (Nicotine)","600","300","300"
"1471","Urine Element Analysis Profile","3750","1875","1875"
"1472","Urine For Chylomicron (Qualitative)","1200","600","600"
"1473","Urine For Cytology","800","400","400"
"1474","Urine For Fat Globules","200","100","100"
"1475","Urine For Hemosiderin","1300","650","650"
"1476","Urine For Protein/Creatinine Ratio","450","225","225"
"1477","Urine For Sodium/Creatnine Ratio","450","225","225"
"1478","Urine For Tgl","280","140","140"
"1479","Urine Fractional Excretion Of Sodium (Fena)","1100","550","550"
"1480","Urine Glucose (F)","60","30","30"
"1481","Urine Glucose (Post -Dinner)","60","30","30"
"1482","Urine Glucose (Post -Lunch)","60","30","30"
"1483","Urine Glucose (Pp)","60","30","30"
"1484","Urine Glucose (Pre -Dinner)","60","30","30"
"1485","Urine Glucose (Pre-Lunch)","60","30","30"
"1486","Urine Glucose (R)","60","30","30"
"1487","Urine Gravindex","180","90","90"
"1488","Urine Haemoglobinuria","180","90","90"
"1489","Urine Metanephrine (Random)","3250","1625","1625"
"1490","Urine Nbs Analysis 223 Metabolites Profile","8500","4250","4250"
"1491","Urine Porphobilinogen ( Qualitative )","3500","1750","1750"
"1492","Urine Potassium /Creatinine Ratio","450","225","225"
"1493","Urobilinogen","200","100","100"
"1494","Uv Efficacy Against Bacterial Pathogens","1000","500","500"
"1495","Vaginal Smear Examination","350","175","175"
"1496","Vaginal Swab For Culture And Sensitivity","700","350","350"
"1497","Vaginal Swab For Fungus Culture","900","450","450"
"1498","Valporic Acid","1100","550","550"
"1499","Vasculitis Profile","8000","4000","4000"
"1500","Veg Allergy Maxi Panel (20 Allergens)","15500","7750","7750"
"1501","Veg Allergy Mini Panel (10 Allergens)","8000","4000","4000"
"1502","Veg Allergy Panel (33) - (EIA)","9500","4750","4750"
"1503","Vericella Zoster Igg","2000","1000","1000"
"1504","Vericella Zoster Igm","2000","1000","1000"
"1505","Vgkc (K+ Channel Receptor)","9500","4750","4750"
"1506","Vitamin A","5850","2925","2925"
"1507","Vitamin B 1 ( Thiamine)","5200","2600","2600"
"1508","Vitamin B12","900","450","450"
"1509","Vitamin B12 (Clia)","900","450","450"
"1510","Vitamin B2(Riboflavin)","5000","2500","2500"
"1511","Vitamin B3/Nicotinic Acid","2000","1000","1000"
"1512","Vitamin B5/ Pantothenic","2000","1000","1000"
"1513","Vitamin B6 (Pyridoxine)","5000","2500","2500"
"1514","Vitamin B7/Biotin","2000","1000","1000"
"1515","Vitamin C(Ascorbic Acid)","5000","2500","2500"
"1516","Vitamin D (Clia)","1400","700","700"
"1517","Vitamin D (D2/D3/Total D)","5600","2800","2800"
"1518","Vitamin D Total ( 25 Oh Vitamin D)","1400","700","700"
"1519","Vitamin D2","2500","1250","1250"
"1520","Vitamin D3 - 1,25-Dihydroxy","3750","1875","1875"
"1521","Vitamin E(Tocopherol)","5000","2500","2500"
"1522","Vitamin K","2750","1375","1375"
"1523","Vma -Spot Urine","3000","1500","1500"
"1524","Vma-Vanillylmandelic Acid ( 24 Hrs Urine )","3750","1875","1875"
"1525","Voltage Gated Calcium Channel ( Vgcc)Antibody","14500","7250","7250"
"1526","Volume (Blood Bank)","150","75","75"
"1527","Von Willebrand Factor Assay","11250","5625","5625"
"1528","Voriconazole","8000","4000","4000"
"1529","Walnut- Veg (EIA)","500","250","250"
"1530","Warm Agglutinin","750","375","375"
"1531","Water Culture","350","175","175"
"1532","Wbc Count ( Blood Bank)","300","150","150"
"1533","Weil Felix Test","1250","625","625"
"1534","Wet Mount For Amoebiasis","350","175","175"
"1535","Wet Mount For Ascaris","350","175","175"
"1536","Wet Mount Preparation","350","175","175"
"1537","Wheat- Veg (EIA)","500","250","250"
"1538","Widal Test","350","175","175"
"1539","Yogurat (EIA)","500","250","250"
"1540","Zinc","1000","500","500"
